position_id,portfolio_id,asset_class,instrument_type,obligor,ticker,sector,country,currency,notional,current_value,exposure,rating_bucket,maturity_years,rate_type,modified_duration,convexity,spread_duration,dv01,delta,beta,lgd,pd_base,data_origin
24e29395-c5b8-415c-b7d0-a9168d72af62,d95e7945-8ef3-429f-810a-bd6e0e7ce9d1,Derivative,CDS,MSFT Entity,MSFT,Technology,US,USD,207881644.62,20788164.46,31182246.69,CCC,2.25,Fixed,0.0,0.0,2.28,0.0,0.28,0.0,0.45,0.0207,SYNTHETIC
130e1c31-ebaa-4a18-9cad-dcd29d9b5935,d95e7945-8ef3-429f-810a-bd6e0e7ce9d1,Corporate Loan,Floating,NVDA Entity,NVDA,Technology,US,USD,29823815.91,27522986.35,27522986.35,BB,4.29,Floating,2.22,0.18,6.43,0.0,0.0,0.0,0.45,0.0478,SYNTHETIC
d1851376-5ed7-4abd-a210-53a5b47d5b2c,d95e7945-8ef3-429f-810a-bd6e0e7ce9d1,Corporate Bond,Fixed,JPM Entity,JPM,Financials,US,USD,50408036.54,42925792.79,42925792.79,BB,6.91,Fixed,6.62,0.16,4.99,0.0,0.0,0.0,0.45,0.0165,SYNTHETIC
586e9ca0-e3c5-4770-8423-6f5064ee5a1e,d95e7945-8ef3-429f-810a-bd6e0e7ce9d1,Corporate Bond,Fixed,AAPL Entity,AAPL,Technology,US,USD,52015886.49,47927136.66,47927136.66,CCC,7.18,Fixed,6.35,0.55,6.23,0.0,0.0,0.0,0.45,0.0294,SYNTHETIC
727eb6c5-3285-4176-9224-30f4013d14c9,d95e7945-8ef3-429f-810a-bd6e0e7ce9d1,Corporate Loan,Floating,MSFT Entity,MSFT,Technology,US,USD,34303203.22,33842803.32,33842803.32,BBB,9.31,Floating,4.21,0.96,3.95,0.0,0.0,0.0,0.45,0.0419,SYNTHETIC
ee04c431-1496-4d9d-9d4c-f699daa642f5,d95e7945-8ef3-429f-810a-bd6e0e7ce9d1,Corporate Loan,Floating,XOM Entity,XOM,Energy,US,USD,16990215.12,15257698.84,15257698.84,AAA,2.43,Floating,5.47,0.9,2.09,0.0,0.0,0.0,0.45,0.0435,SYNTHETIC
e2c5da03-b3a6-4036-9407-8abf5e379fab,d95e7945-8ef3-429f-810a-bd6e0e7ce9d1,Corporate Bond,Fixed,NVDA Entity,NVDA,Technology,US,USD,31602869.79,29666837.13,29666837.13,AAA,8.13,Fixed,6.01,0.8,3.08,0.0,0.0,0.0,0.45,0.0134,SYNTHETIC
5211741c-ab1b-4672-b525-f99b30b8855a,d95e7945-8ef3-429f-810a-bd6e0e7ce9d1,Corporate Loan,Fixed,NVDA Entity,NVDA,Technology,US,USD,23092397.94,22721566.17,22721566.17,AAA,1.24,Fixed,6.14,0.43,7.17,0.0,0.0,0.0,0.45,0.0496,SYNTHETIC
ade4851f-68aa-4e38-8502-b873cc9a4eb2,d95e7945-8ef3-429f-810a-bd6e0e7ce9d1,Corporate Loan,Floating,MSFT Entity,MSFT,Technology,US,USD,9220462.59,8796013.34,8796013.34,B,7.48,Floating,2.74,0.29,5.97,0.0,0.0,0.0,0.45,0.0233,SYNTHETIC
eb75eaf2-42d6-447a-8dc1-b29fe400686b,d95e7945-8ef3-429f-810a-bd6e0e7ce9d1,Equity,Standard,JPM Entity,JPM,Financials,US,USD,49336096.95,47486970.89,47486970.89,AAA,8.66,Fixed,0.0,0.0,0.0,0.0,0.87,1.22,0.45,0.0325,SYNTHETIC
d90bbc04-4183-45ef-8258-87a88eb836df,d95e7945-8ef3-429f-810a-bd6e0e7ce9d1,Derivative,IR Swap,MSFT Entity,MSFT,Technology,US,USD,262319409.54,26231940.95,39347911.43,AAA,8.63,Fixed,0.0,0.0,4.64,4004.34,0.86,0.0,0.45,0.0225,SYNTHETIC
62dcc407-e7b5-4ce4-bde2-f85a4f2caca0,d95e7945-8ef3-429f-810a-bd6e0e7ce9d1,Equity,Standard,NVDA Entity,NVDA,Technology,US,USD,40875091.23,38352310.59,38352310.59,BBB,6.72,Fixed,0.0,0.0,0.0,0.0,0.28,0.87,0.45,0.0478,SYNTHETIC
2258e83d-041e-40e8-a44a-02d122c1d27d,d95e7945-8ef3-429f-810a-bd6e0e7ce9d1,Corporate Bond,Fixed,MSFT Entity,MSFT,Technology,US,USD,7219179.83,6856454.16,6856454.16,A,8.05,Fixed,4.12,0.39,2.35,0.0,0.0,0.0,0.45,0.0297,SYNTHETIC
b80e5582-75b3-4738-9834-04d7d63ff535,d95e7945-8ef3-429f-810a-bd6e0e7ce9d1,Derivative,CDS,XOM Entity,XOM,Energy,US,USD,382513990.56,38251399.06,57377098.58,CCC,8.96,Fixed,0.0,0.0,6.79,0.0,0.47,0.0,0.45,0.0123,SYNTHETIC
c26bff1e-02dd-412d-948a-371637731636,d95e7945-8ef3-429f-810a-bd6e0e7ce9d1,Corporate Bond,Fixed,AAPL Entity,AAPL,Technology,US,USD,16412704.13,15812621.57,15812621.57,CCC,7.3,Fixed,7.6,0.26,7.24,0.0,0.0,0.0,0.45,0.0429,SYNTHETIC
d5148228-4150-4c79-8748-8037082f15b2,d95e7945-8ef3-429f-810a-bd6e0e7ce9d1,Corporate Bond,Fixed,AAPL Entity,AAPL,Technology,US,USD,29178933.66,24732518.47,24732518.47,BBB,6.41,Fixed,2.28,0.86,7.03,0.0,0.0,0.0,0.45,0.0492,SYNTHETIC
fc8af2c7-f376-4f55-aee5-03c56fc94fb6,d95e7945-8ef3-429f-810a-bd6e0e7ce9d1,Derivative,FX Forward,XOM Entity,XOM,Energy,US,USD,156555195.84,15655519.58,23483279.38,CCC,9.59,Fixed,0.0,0.0,3.76,0.0,0.13,0.0,0.45,0.0306,SYNTHETIC
e10747a1-8058-4e7e-b8df-d1994181f65e,d95e7945-8ef3-429f-810a-bd6e0e7ce9d1,Corporate Loan,Fixed,MSFT Entity,MSFT,Technology,US,USD,13426343.83,12075455.51,12075455.51,CCC,6.98,Fixed,7.89,0.81,5.09,0.0,0.0,0.0,0.45,0.029,SYNTHETIC
c562556d-aa8f-451b-a306-24523271981c,d95e7945-8ef3-429f-810a-bd6e0e7ce9d1,Corporate Bond,Fixed,NVDA Entity,NVDA,Technology,US,USD,8900824.19,8173007.92,8173007.92,BBB,8.25,Fixed,3.27,0.11,7.71,0.0,0.0,0.0,0.45,0.017,SYNTHETIC
f01503b9-4eff-4b92-bc4d-b4bc5a0e6734,d95e7945-8ef3-429f-810a-bd6e0e7ce9d1,Corporate Bond,Fixed,MSFT Entity,MSFT,Technology,US,USD,26788340.25,24323235.3,24323235.3,CCC,8.89,Fixed,3.23,0.17,4.21,0.0,0.0,0.0,0.45,0.0467,SYNTHETIC
fa09317c-1fc5-4cf3-b8b8-0c4166322eff,d95e7945-8ef3-429f-810a-bd6e0e7ce9d1,Corporate Bond,Fixed,XOM Entity,XOM,Energy,US,USD,40890136.34,36026839.34,36026839.34,B,7.07,Fixed,6.72,0.62,5.38,0.0,0.0,0.0,0.45,0.0397,SYNTHETIC
61b91613-dca4-4120-a909-dd764b6bc23c,d95e7945-8ef3-429f-810a-bd6e0e7ce9d1,Corporate Loan,Floating,MSFT Entity,MSFT,Technology,US,USD,36379721.18,32567980.78,32567980.78,CCC,1.92,Floating,5.98,0.32,5.75,0.0,0.0,0.0,0.45,0.0112,SYNTHETIC
31f59220-7bdf-4e9f-b01d-ae895c54acf2,d95e7945-8ef3-429f-810a-bd6e0e7ce9d1,Corporate Bond,Fixed,JPM Entity,JPM,Financials,US,USD,10897231.8,10447796.55,10447796.55,BB,4.99,Fixed,2.91,0.31,4.69,0.0,0.0,0.0,0.45,0.0168,SYNTHETIC
fa028f7a-75e6-439c-bef7-1afb54f6f028,d95e7945-8ef3-429f-810a-bd6e0e7ce9d1,Corporate Bond,Fixed,MSFT Entity,MSFT,Technology,US,USD,14214629.94,13099248.19,13099248.19,AA,8.27,Fixed,5.54,0.4,7.57,0.0,0.0,0.0,0.45,0.0363,SYNTHETIC
68368a0a-0791-4e45-8845-a35e2313ff91,d95e7945-8ef3-429f-810a-bd6e0e7ce9d1,Corporate Loan,Floating,AAPL Entity,AAPL,Technology,US,USD,3708768.14,3410988.32,3410988.32,BB,8.14,Floating,6.81,0.86,3.3,0.0,0.0,0.0,0.45,0.0029,SYNTHETIC
a107152d-43ff-4a7c-b3e6-c638e83df2f2,d95e7945-8ef3-429f-810a-bd6e0e7ce9d1,Corporate Loan,Floating,MSFT Entity,MSFT,Technology,US,USD,41508402.26,39654103.9,39654103.9,BB,2.82,Floating,2.38,0.25,6.03,0.0,0.0,0.0,0.45,0.0427,SYNTHETIC
ff9a7c58-59bc-4660-868e-dc770fe2eeb0,d95e7945-8ef3-429f-810a-bd6e0e7ce9d1,Corporate Bond,Fixed,MSFT Entity,MSFT,Technology,US,USD,26671768.55,24413694.05,24413694.05,CCC,2.88,Fixed,4.01,0.55,3.22,0.0,0.0,0.0,0.45,0.0451,SYNTHETIC
bec94875-d3d4-4919-b32c-9aa682b1b338,d95e7945-8ef3-429f-810a-bd6e0e7ce9d1,Corporate Bond,Fixed,MSFT Entity,MSFT,Technology,US,USD,7853250.72,6614879.48,6614879.48,BB,1.9,Fixed,5.59,0.35,2.72,0.0,0.0,0.0,0.45,0.0164,SYNTHETIC
c8e010e5-05d9-4025-a091-c0ddb82e8754,d95e7945-8ef3-429f-810a-bd6e0e7ce9d1,Corporate Loan,Fixed,JPM Entity,JPM,Financials,US,USD,37198335.39,35908818.7,35908818.7,B,4.38,Fixed,6.72,0.41,4.76,0.0,0.0,0.0,0.45,0.0391,SYNTHETIC
02e06826-400f-4f82-841a-bd084bcef2ae,d95e7945-8ef3-429f-810a-bd6e0e7ce9d1,Corporate Bond,Fixed,MSFT Entity,MSFT,Technology,US,USD,57652855.67,49286588.77,49286588.77,AAA,9.98,Fixed,2.15,0.28,7.24,0.0,0.0,0.0,0.45,0.0282,SYNTHETIC
005be7f8-a99f-492f-87e6-b2bed8741e74,d95e7945-8ef3-429f-810a-bd6e0e7ce9d1,Corporate Bond,Fixed,MSFT Entity,MSFT,Technology,US,USD,19226387.07,18183445.86,18183445.86,AAA,6.96,Fixed,4.89,0.64,3.59,0.0,0.0,0.0,0.45,0.0172,SYNTHETIC
32a26292-a64e-4fed-b80d-04da4a41e389,d95e7945-8ef3-429f-810a-bd6e0e7ce9d1,Corporate Loan,Floating,JPM Entity,JPM,Financials,US,USD,31127620.12,29834496.1,29834496.1,B,7.77,Floating,5.83,0.81,5.55,0.0,0.0,0.0,0.45,0.0183,SYNTHETIC
9b40c4f6-a96e-4a9e-b1c1-bc35a1f2ff11,d95e7945-8ef3-429f-810a-bd6e0e7ce9d1,Corporate Bond,Fixed,AAPL Entity,AAPL,Technology,US,USD,4727224.25,4573939.74,4573939.74,AA,4.04,Fixed,5.49,0.25,4.75,0.0,0.0,0.0,0.45,0.0112,SYNTHETIC
91a4fa7c-dbab-4db9-909a-6f6963ad8310,d95e7945-8ef3-429f-810a-bd6e0e7ce9d1,Corporate Loan,Fixed,NVDA Entity,NVDA,Technology,US,USD,24675252.85,21862645.09,21862645.09,A,5.58,Fixed,5.15,0.75,5.62,0.0,0.0,0.0,0.45,0.0337,SYNTHETIC
0bc9797d-0aa1-4caa-ba12-3439d571669c,d95e7945-8ef3-429f-810a-bd6e0e7ce9d1,Corporate Bond,Fixed,JPM Entity,JPM,Financials,US,USD,40625960.28,36721496.85,36721496.85,AA,1.53,Fixed,2.77,0.21,4.04,0.0,0.0,0.0,0.45,0.0382,SYNTHETIC
ab29cabe-9afe-4218-8e3d-7d4ea3615a8a,d95e7945-8ef3-429f-810a-bd6e0e7ce9d1,Equity,Standard,MSFT Entity,MSFT,Technology,US,USD,34137367.98,33789848.98,33789848.98,BB,1.63,Fixed,0.0,0.0,0.0,0.0,0.11,1.25,0.45,0.025,SYNTHETIC
c75d2620-feb6-4262-b26e-8395e0e3d584,d95e7945-8ef3-429f-810a-bd6e0e7ce9d1,Equity,Standard,AAPL Entity,AAPL,Technology,US,USD,30863616.71,26862700.01,26862700.01,BBB,2.88,Fixed,0.0,0.0,0.0,0.0,0.78,0.95,0.45,0.0263,SYNTHETIC
2e105018-63e3-4f6e-9b79-da704ae7f088,d95e7945-8ef3-429f-810a-bd6e0e7ce9d1,Corporate Loan,Fixed,AAPL Entity,AAPL,Technology,US,USD,38291411.64,35478654.01,35478654.01,BB,1.49,Fixed,6.65,0.2,6.02,0.0,0.0,0.0,0.45,0.0146,SYNTHETIC
81fd9bec-d09c-4416-b396-335f06b77e8d,d95e7945-8ef3-429f-810a-bd6e0e7ce9d1,Derivative,IR Swap,XOM Entity,XOM,Energy,US,USD,24438429.29,2443842.93,3665764.39,BBB,4.52,Fixed,0.0,0.0,2.33,3866.45,0.77,0.0,0.45,0.0062,SYNTHETIC
ac245a8b-42b0-4a30-b3fd-5c8c2b0f0dcb,d95e7945-8ef3-429f-810a-bd6e0e7ce9d1,Corporate Loan,Fixed,MSFT Entity,MSFT,Technology,US,USD,12286244.09,10991899.72,10991899.72,AAA,4.93,Fixed,3.17,0.18,4.08,0.0,0.0,0.0,0.45,0.0289,SYNTHETIC
5b081484-bfb7-4d5d-8f2a-472bf5a8a303,d95e7945-8ef3-429f-810a-bd6e0e7ce9d1,Corporate Loan,Floating,JPM Entity,JPM,Financials,US,USD,34924067.46,33251854.54,33251854.54,BB,9.65,Floating,2.08,0.66,4.66,0.0,0.0,0.0,0.45,0.0389,SYNTHETIC
c190030a-11c2-451d-9326-b310e70a1148,d95e7945-8ef3-429f-810a-bd6e0e7ce9d1,Corporate Bond,Fixed,XOM Entity,XOM,Energy,US,USD,32934794.38,32578161.49,32578161.49,AA,2.67,Fixed,7.15,0.6,7.16,0.0,0.0,0.0,0.45,0.0285,SYNTHETIC
e26c1ffa-8a12-479a-ac5a-ff44205c1f43,d95e7945-8ef3-429f-810a-bd6e0e7ce9d1,Corporate Loan,Fixed,AAPL Entity,AAPL,Technology,US,USD,9170688.08,7644055.54,7644055.54,AAA,9.36,Fixed,5.88,0.58,7.21,0.0,0.0,0.0,0.45,0.0161,SYNTHETIC
8f6c0564-4b4e-4e53-8dba-a17a04a294ad,d95e7945-8ef3-429f-810a-bd6e0e7ce9d1,Corporate Bond,Fixed,XOM Entity,XOM,Energy,US,USD,3532327.45,3053716.03,3053716.03,AA,7.75,Fixed,5.99,0.55,3.63,0.0,0.0,0.0,0.45,0.0439,SYNTHETIC
5bad487b-29e8-4a45-883b-0a02310d2c72,d95e7945-8ef3-429f-810a-bd6e0e7ce9d1,Corporate Loan,Floating,NVDA Entity,NVDA,Technology,US,USD,40962731.51,36207419.89,36207419.89,B,4.06,Floating,7.18,0.64,7.0,0.0,0.0,0.0,0.45,0.0379,SYNTHETIC
300b57a3-22fb-4ca1-bebf-f56a8b20818f,d95e7945-8ef3-429f-810a-bd6e0e7ce9d1,Corporate Loan,Floating,NVDA Entity,NVDA,Technology,US,USD,4290011.02,3615705.96,3615705.96,B,9.56,Floating,5.09,0.63,2.71,0.0,0.0,0.0,0.45,0.0299,SYNTHETIC
2d703962-1e32-48e3-99db-c4a609d20f26,d95e7945-8ef3-429f-810a-bd6e0e7ce9d1,Corporate Loan,Floating,XOM Entity,XOM,Energy,US,USD,34384672.97,29403635.61,29403635.61,BB,2.89,Floating,4.11,0.82,3.92,0.0,0.0,0.0,0.45,0.0276,SYNTHETIC
7d821b62-864b-4aa2-a7af-ad553fbf8bd1,d95e7945-8ef3-429f-810a-bd6e0e7ce9d1,Corporate Loan,Floating,JPM Entity,JPM,Financials,US,USD,42114653.1,38428331.36,38428331.36,AA,2.49,Floating,6.92,0.6,5.55,0.0,0.0,0.0,0.45,0.0311,SYNTHETIC
abaa31ba-64be-406a-8301-d9a562a5e51d,d95e7945-8ef3-429f-810a-bd6e0e7ce9d1,Corporate Loan,Floating,MSFT Entity,MSFT,Technology,US,USD,21436766.77,17935099.92,17935099.92,CCC,4.12,Floating,7.61,0.86,5.91,0.0,0.0,0.0,0.45,0.0463,SYNTHETIC
cb78e130-2642-4c43-b50b-57242481e68f,d95e7945-8ef3-429f-810a-bd6e0e7ce9d1,Corporate Loan,Floating,JPM Entity,JPM,Financials,US,USD,44898215.55,39616833.95,39616833.95,BBB,5.36,Floating,6.24,0.59,4.51,0.0,0.0,0.0,0.45,0.0274,SYNTHETIC
647e8895-203e-4312-8e98-4a4fe9846747,d95e7945-8ef3-429f-810a-bd6e0e7ce9d1,Corporate Bond,Fixed,MSFT Entity,MSFT,Technology,US,USD,51825951.11,45186658.58,45186658.58,AA,7.28,Fixed,3.1,0.13,6.29,0.0,0.0,0.0,0.45,0.008,SYNTHETIC
68e31e56-97f9-48f1-b6f1-322d96909c81,d95e7945-8ef3-429f-810a-bd6e0e7ce9d1,Corporate Loan,Fixed,AAPL Entity,AAPL,Technology,US,USD,11087959.92,10819681.86,10819681.86,A,9.8,Fixed,6.33,0.48,2.75,0.0,0.0,0.0,0.45,0.0078,SYNTHETIC
57e44fec-9e0d-45e0-be5f-1904a3fe295c,d95e7945-8ef3-429f-810a-bd6e0e7ce9d1,Corporate Loan,Floating,XOM Entity,XOM,Energy,US,USD,12539954.48,10917568.44,10917568.44,B,5.99,Floating,5.21,0.14,2.38,0.0,0.0,0.0,0.45,0.0011,SYNTHETIC
c1458e18-ebd8-4cb9-882c-e7461de200ff,d95e7945-8ef3-429f-810a-bd6e0e7ce9d1,Corporate Bond,Fixed,JPM Entity,JPM,Financials,US,USD,30976696.94,29387655.25,29387655.25,BB,3.19,Fixed,3.26,0.3,5.55,0.0,0.0,0.0,0.45,0.0206,SYNTHETIC
6f6866ad-2e10-41f8-8f90-d8406f4697ad,d95e7945-8ef3-429f-810a-bd6e0e7ce9d1,Equity,Standard,AAPL Entity,AAPL,Technology,US,USD,1557534.83,1417920.47,1417920.47,A,7.57,Fixed,0.0,0.0,0.0,0.0,0.29,1.12,0.45,0.0439,SYNTHETIC
77d4ff0f-5076-4ef0-9b0a-a2fb2d9e6da8,d95e7945-8ef3-429f-810a-bd6e0e7ce9d1,Corporate Bond,Fixed,NVDA Entity,NVDA,Technology,US,USD,56298486.22,49777663.2,49777663.2,BBB,4.15,Fixed,4.74,0.93,4.93,0.0,0.0,0.0,0.45,0.0404,SYNTHETIC
f5670672-9aa4-47d0-aaa6-2234d2ceb767,d95e7945-8ef3-429f-810a-bd6e0e7ce9d1,Corporate Loan,Fixed,AAPL Entity,AAPL,Technology,US,USD,28972129.67,26363099.9,26363099.9,B,6.19,Fixed,5.66,0.69,5.48,0.0,0.0,0.0,0.45,0.0075,SYNTHETIC
372f0aac-054d-4ac6-b3b3-9469855b9aaa,d95e7945-8ef3-429f-810a-bd6e0e7ce9d1,Derivative,CDS,NVDA Entity,NVDA,Technology,US,USD,196527175.68,19652717.57,29479076.35,A,6.29,Fixed,0.0,0.0,4.02,0.0,0.79,0.0,0.45,0.0375,SYNTHETIC
8f8e9dc3-6067-4188-b1b8-e1a947197b16,d95e7945-8ef3-429f-810a-bd6e0e7ce9d1,Corporate Loan,Fixed,NVDA Entity,NVDA,Technology,US,USD,37569492.21,32868805.52,32868805.52,BBB,8.12,Fixed,4.62,0.98,2.68,0.0,0.0,0.0,0.45,0.0268,SYNTHETIC
4c976796-dac7-4045-a259-064856ed3d11,d95e7945-8ef3-429f-810a-bd6e0e7ce9d1,Derivative,FX Forward,NVDA Entity,NVDA,Technology,US,USD,30612619.6,3061261.96,4591892.94,CCC,3.56,Fixed,0.0,0.0,6.8,0.0,0.55,0.0,0.45,0.0167,SYNTHETIC
af17ef07-1880-4b7e-9319-5ca79d94a677,d95e7945-8ef3-429f-810a-bd6e0e7ce9d1,Corporate Loan,Fixed,JPM Entity,JPM,Financials,US,USD,33351909.77,28301867.61,28301867.61,CCC,5.2,Fixed,2.52,0.52,4.57,0.0,0.0,0.0,0.45,0.0078,SYNTHETIC
220361ac-eb42-46b1-9012-3799c57cc2a2,d95e7945-8ef3-429f-810a-bd6e0e7ce9d1,Corporate Loan,Floating,MSFT Entity,MSFT,Technology,US,USD,23714709.43,22891064.54,22891064.54,A,7.98,Floating,4.54,0.84,4.98,0.0,0.0,0.0,0.45,0.0082,SYNTHETIC
7fa906a7-bcf6-4dcb-89be-8e21e8be945e,d95e7945-8ef3-429f-810a-bd6e0e7ce9d1,Corporate Loan,Floating,JPM Entity,JPM,Financials,US,USD,38074084.71,37757341.64,37757341.64,AAA,9.0,Floating,2.09,0.33,7.82,0.0,0.0,0.0,0.45,0.0306,SYNTHETIC
f155affb-9ba5-4452-9ac0-cb7c5f4654ae,d95e7945-8ef3-429f-810a-bd6e0e7ce9d1,Equity,Standard,XOM Entity,XOM,Energy,US,USD,34766091.28,31898864.54,31898864.54,CCC,9.41,Fixed,0.0,0.0,0.0,0.0,0.13,0.89,0.45,0.003,SYNTHETIC
248a6e4d-b07b-475d-92f3-f93fb274320b,d95e7945-8ef3-429f-810a-bd6e0e7ce9d1,Corporate Bond,Fixed,JPM Entity,JPM,Financials,US,USD,6609055.15,6365389.41,6365389.41,AAA,4.16,Fixed,7.94,0.71,7.89,0.0,0.0,0.0,0.45,0.0395,SYNTHETIC
e4a0a901-9ff8-4497-82b3-5813ad6eb5d8,d95e7945-8ef3-429f-810a-bd6e0e7ce9d1,Corporate Bond,Fixed,JPM Entity,JPM,Financials,US,USD,10116956.66,9835872.0,9835872.0,BBB,5.08,Fixed,3.53,0.75,3.66,0.0,0.0,0.0,0.45,0.0461,SYNTHETIC
1bb8d7ea-e75e-47f4-acc9-06d89beb3abf,d95e7945-8ef3-429f-810a-bd6e0e7ce9d1,Corporate Bond,Fixed,MSFT Entity,MSFT,Technology,US,USD,43823251.57,41790224.34,41790224.34,AAA,2.26,Fixed,4.13,0.44,7.69,0.0,0.0,0.0,0.45,0.0202,SYNTHETIC
9cfed61d-e80c-4f18-92a8-94ea014d9d5c,d95e7945-8ef3-429f-810a-bd6e0e7ce9d1,Corporate Loan,Fixed,XOM Entity,XOM,Energy,US,USD,55069605.87,47928850.24,47928850.24,AAA,2.41,Fixed,2.46,0.43,3.65,0.0,0.0,0.0,0.45,0.0212,SYNTHETIC
82b04226-2e02-46f7-904b-4fc88052d021,d95e7945-8ef3-429f-810a-bd6e0e7ce9d1,Corporate Loan,Fixed,XOM Entity,XOM,Energy,US,USD,48893664.12,45988067.8,45988067.8,CCC,6.39,Fixed,7.24,0.93,5.82,0.0,0.0,0.0,0.45,0.0088,SYNTHETIC
422af8c0-4b9c-481a-8c89-ab1d626b2a34,d95e7945-8ef3-429f-810a-bd6e0e7ce9d1,Corporate Loan,Floating,JPM Entity,JPM,Financials,US,USD,8627737.88,7463952.37,7463952.37,CCC,2.87,Floating,5.63,0.58,7.16,0.0,0.0,0.0,0.45,0.0375,SYNTHETIC
a061c7ce-574c-41c3-9781-ea24dd385c4e,d95e7945-8ef3-429f-810a-bd6e0e7ce9d1,Corporate Loan,Floating,MSFT Entity,MSFT,Technology,US,USD,21698651.6,20032428.55,20032428.55,CCC,7.04,Floating,2.49,0.15,6.0,0.0,0.0,0.0,0.45,0.0416,SYNTHETIC
5d38fcc6-113d-47f2-bd44-fd1029c932e2,d95e7945-8ef3-429f-810a-bd6e0e7ce9d1,Corporate Bond,Fixed,AAPL Entity,AAPL,Technology,US,USD,11510433.82,10784992.17,10784992.17,A,3.81,Fixed,3.65,0.2,4.01,0.0,0.0,0.0,0.45,0.045,SYNTHETIC
d4ddf830-01b9-4516-a9c5-538e4dcaa1c0,d95e7945-8ef3-429f-810a-bd6e0e7ce9d1,Corporate Bond,Fixed,AAPL Entity,AAPL,Technology,US,USD,24719529.06,21425433.13,21425433.13,BB,5.97,Fixed,3.13,0.26,3.18,0.0,0.0,0.0,0.45,0.0439,SYNTHETIC
b0c7bc3f-c881-46ec-8ec2-9bddd496fc11,d95e7945-8ef3-429f-810a-bd6e0e7ce9d1,Corporate Bond,Fixed,MSFT Entity,MSFT,Technology,US,USD,53082938.07,49903771.67,49903771.67,A,9.88,Fixed,6.33,0.3,3.85,0.0,0.0,0.0,0.45,0.0069,SYNTHETIC
feabdbaf-d71a-4241-98df-95213870c069,d95e7945-8ef3-429f-810a-bd6e0e7ce9d1,Derivative,FX Forward,JPM Entity,JPM,Financials,US,USD,301257752.81,30125775.28,45188662.92,BBB,7.22,Fixed,0.0,0.0,3.74,0.0,0.35,0.0,0.45,0.0152,SYNTHETIC
d6d444b3-7367-435d-b251-4e9857a43a78,d95e7945-8ef3-429f-810a-bd6e0e7ce9d1,Corporate Bond,Fixed,XOM Entity,XOM,Energy,US,USD,1178378.61,1032271.8,1032271.8,BB,2.94,Fixed,6.31,0.21,7.23,0.0,0.0,0.0,0.45,0.0028,SYNTHETIC
301a9891-30fb-4c81-9a28-4e1d0c799e2d,d95e7945-8ef3-429f-810a-bd6e0e7ce9d1,Corporate Bond,Fixed,JPM Entity,JPM,Financials,US,USD,35488563.13,34793192.56,34793192.56,BB,2.23,Fixed,4.5,0.38,4.32,0.0,0.0,0.0,0.45,0.0147,SYNTHETIC
b2cc8618-da06-47bf-b531-6a2f26be25cc,d95e7945-8ef3-429f-810a-bd6e0e7ce9d1,Corporate Bond,Fixed,MSFT Entity,MSFT,Technology,US,USD,24479584.27,23946004.05,23946004.05,BB,9.84,Fixed,4.85,0.23,6.01,0.0,0.0,0.0,0.45,0.0355,SYNTHETIC
1e7452fb-35bb-4395-8f9c-07de047f0ba4,d95e7945-8ef3-429f-810a-bd6e0e7ce9d1,Corporate Loan,Floating,XOM Entity,XOM,Energy,US,USD,52894092.95,47013321.07,47013321.07,BB,6.05,Floating,3.3,0.14,4.7,0.0,0.0,0.0,0.45,0.0329,SYNTHETIC
9e2a3890-848d-4e78-ba39-337ca4c48ff2,d95e7945-8ef3-429f-810a-bd6e0e7ce9d1,Corporate Loan,Floating,MSFT Entity,MSFT,Technology,US,USD,13812422.85,13031043.61,13031043.61,BBB,1.5,Floating,3.16,0.94,4.08,0.0,0.0,0.0,0.45,0.0303,SYNTHETIC
df3808ae-1361-4ef2-ad05-986f4b04502a,d95e7945-8ef3-429f-810a-bd6e0e7ce9d1,Corporate Bond,Fixed,JPM Entity,JPM,Financials,US,USD,41542360.35,38250014.12,38250014.12,AAA,8.09,Fixed,3.69,0.53,3.85,0.0,0.0,0.0,0.45,0.0268,SYNTHETIC
2281ed3b-962e-4799-a2d5-2cc1110bea4a,d95e7945-8ef3-429f-810a-bd6e0e7ce9d1,Derivative,IR Swap,XOM Entity,XOM,Energy,US,USD,329822612.28,32982261.23,49473391.84,B,4.01,Fixed,0.0,0.0,5.45,1117.07,0.66,0.0,0.45,0.0021,SYNTHETIC
5cc8195d-4a46-4a19-8ffd-c27dd140ee46,d95e7945-8ef3-429f-810a-bd6e0e7ce9d1,Corporate Bond,Fixed,XOM Entity,XOM,Energy,US,USD,13948134.48,13467350.84,13467350.84,AA,5.24,Fixed,3.78,0.84,3.29,0.0,0.0,0.0,0.45,0.029,SYNTHETIC
fd2460dd-c57c-4427-a827-f8bbedd678f8,d95e7945-8ef3-429f-810a-bd6e0e7ce9d1,Corporate Loan,Floating,AAPL Entity,AAPL,Technology,US,USD,15906603.81,15890397.31,15890397.31,CCC,8.55,Floating,3.44,0.82,5.6,0.0,0.0,0.0,0.45,0.0456,SYNTHETIC
d915c626-6df3-4c11-b7a6-e986566e3cb0,d95e7945-8ef3-429f-810a-bd6e0e7ce9d1,Corporate Loan,Fixed,JPM Entity,JPM,Financials,US,USD,42533644.73,40308076.78,40308076.78,A,7.14,Fixed,4.79,0.55,7.39,0.0,0.0,0.0,0.45,0.0477,SYNTHETIC
c53b9057-47eb-4e0d-9f1b-ae9b14f1b980,d95e7945-8ef3-429f-810a-bd6e0e7ce9d1,Corporate Bond,Fixed,AAPL Entity,AAPL,Technology,US,USD,49243144.63,47671053.51,47671053.51,AA,1.83,Fixed,5.44,0.64,2.74,0.0,0.0,0.0,0.45,0.0055,SYNTHETIC
d7052493-709a-4697-b076-d9280879abe5,d95e7945-8ef3-429f-810a-bd6e0e7ce9d1,Corporate Loan,Floating,MSFT Entity,MSFT,Technology,US,USD,19809982.57,16982523.6,16982523.6,AA,3.04,Floating,2.2,0.5,2.36,0.0,0.0,0.0,0.45,0.0243,SYNTHETIC
b8ce1e88-37bd-4c3e-95e9-8ed4f2502e9c,d95e7945-8ef3-429f-810a-bd6e0e7ce9d1,Corporate Loan,Floating,XOM Entity,XOM,Energy,US,USD,3951898.28,3638545.35,3638545.35,BB,9.85,Floating,2.94,0.74,6.01,0.0,0.0,0.0,0.45,0.0393,SYNTHETIC
76d04c24-544e-47e9-b383-8be6ad02d7b0,d95e7945-8ef3-429f-810a-bd6e0e7ce9d1,Corporate Loan,Floating,AAPL Entity,AAPL,Technology,US,USD,28295081.77,24812482.02,24812482.02,CCC,1.31,Floating,6.84,0.96,4.01,0.0,0.0,0.0,0.45,0.044,SYNTHETIC
a9ab2016-4d4a-434e-a145-9d5b886b19cf,d95e7945-8ef3-429f-810a-bd6e0e7ce9d1,Corporate Loan,Fixed,AAPL Entity,AAPL,Technology,US,USD,31431157.39,29754889.72,29754889.72,BBB,1.67,Fixed,6.0,0.73,5.45,0.0,0.0,0.0,0.45,0.0424,SYNTHETIC
a566d465-5dc4-418e-8c24-46a28d30728d,d95e7945-8ef3-429f-810a-bd6e0e7ce9d1,Corporate Bond,Fixed,NVDA Entity,NVDA,Technology,US,USD,28692932.62,28470097.57,28470097.57,BB,7.54,Fixed,2.24,0.83,7.86,0.0,0.0,0.0,0.45,0.0425,SYNTHETIC
2e6181c2-5126-4634-9bd1-cdbdbc2cc78f,d95e7945-8ef3-429f-810a-bd6e0e7ce9d1,Corporate Loan,Fixed,AAPL Entity,AAPL,Technology,US,USD,36502617.99,36424953.98,36424953.98,AA,3.72,Fixed,4.03,0.35,4.9,0.0,0.0,0.0,0.45,0.0336,SYNTHETIC
c4cbde26-cd30-4ccc-b862-62b3a90f2364,d95e7945-8ef3-429f-810a-bd6e0e7ce9d1,Derivative,FX Forward,XOM Entity,XOM,Energy,US,USD,234118950.9,23411895.09,35117842.64,AA,1.72,Fixed,0.0,0.0,5.82,0.0,0.47,0.0,0.45,0.0449,SYNTHETIC
f10721b7-5613-4ec9-8448-0944d146efe0,d95e7945-8ef3-429f-810a-bd6e0e7ce9d1,Corporate Loan,Floating,JPM Entity,JPM,Financials,US,USD,25860774.22,22734699.86,22734699.86,AAA,1.04,Floating,5.96,0.39,5.53,0.0,0.0,0.0,0.45,0.0366,SYNTHETIC
4a8ac12a-746e-497c-9f27-3c3f6eef8c9f,d95e7945-8ef3-429f-810a-bd6e0e7ce9d1,Corporate Bond,Fixed,JPM Entity,JPM,Financials,US,USD,52729601.2,48150514.35,48150514.35,BBB,6.03,Fixed,4.2,0.3,2.17,0.0,0.0,0.0,0.45,0.0357,SYNTHETIC
c39a11cb-c922-4ced-af3c-7b1b1519b495,d95e7945-8ef3-429f-810a-bd6e0e7ce9d1,Equity,Standard,AAPL Entity,AAPL,Technology,US,USD,19240742.69,19137368.77,19137368.77,BB,7.77,Fixed,0.0,0.0,0.0,0.0,0.91,1.08,0.45,0.0146,SYNTHETIC
7820d627-d3df-4c07-99d6-5a01b7d1618d,d95e7945-8ef3-429f-810a-bd6e0e7ce9d1,Equity,Standard,JPM Entity,JPM,Financials,US,USD,34604951.79,31571924.44,31571924.44,B,2.5,Fixed,0.0,0.0,0.0,0.0,0.6,1.11,0.45,0.0247,SYNTHETIC
e427d4ff-68cb-4402-8d13-6a74f316a85d,d95e7945-8ef3-429f-810a-bd6e0e7ce9d1,Equity,Standard,AAPL Entity,AAPL,Technology,US,USD,12946785.12,12894920.37,12894920.37,CCC,9.72,Fixed,0.0,0.0,0.0,0.0,0.87,1.08,0.45,0.0245,SYNTHETIC
d17fa617-d638-4c6f-8f7b-e3cc988f0f5b,d95e7945-8ef3-429f-810a-bd6e0e7ce9d1,Corporate Loan,Fixed,XOM Entity,XOM,Energy,US,USD,28419592.25,26412901.59,26412901.59,AAA,9.7,Fixed,4.67,0.74,4.6,0.0,0.0,0.0,0.45,0.0247,SYNTHETIC
909e265a-8837-49fd-b641-bb0ca82bdd62,d95e7945-8ef3-429f-810a-bd6e0e7ce9d1,Corporate Bond,Fixed,AAPL Entity,AAPL,Technology,US,USD,15426703.65,15218052.84,15218052.84,BBB,2.2,Fixed,4.89,0.38,7.62,0.0,0.0,0.0,0.45,0.0275,SYNTHETIC
b00eb28d-b2c9-4e43-b645-63e4bd116249,d95e7945-8ef3-429f-810a-bd6e0e7ce9d1,Corporate Loan,Floating,NVDA Entity,NVDA,Technology,US,USD,34979096.08,34427925.13,34427925.13,A,5.86,Floating,4.06,0.53,7.64,0.0,0.0,0.0,0.45,0.0402,SYNTHETIC
faae511c-1b8f-424f-89b9-6c82026eef53,d95e7945-8ef3-429f-810a-bd6e0e7ce9d1,Corporate Loan,Floating,NVDA Entity,NVDA,Technology,US,USD,10689737.07,8964164.43,8964164.43,AA,8.38,Floating,5.87,0.87,4.76,0.0,0.0,0.0,0.45,0.01,SYNTHETIC
8aa3563f-42ec-4d2b-bbdd-a216754c6117,d95e7945-8ef3-429f-810a-bd6e0e7ce9d1,Corporate Loan,Floating,MSFT Entity,MSFT,Technology,US,USD,28626805.28,26772889.72,26772889.72,AA,8.9,Floating,5.9,0.59,6.0,0.0,0.0,0.0,0.45,0.0297,SYNTHETIC
2d0fad18-293d-4093-b430-4f9a926f78bc,d95e7945-8ef3-429f-810a-bd6e0e7ce9d1,Corporate Loan,Fixed,XOM Entity,XOM,Energy,US,USD,46306060.24,39508429.8,39508429.8,A,7.81,Fixed,4.63,0.95,2.77,0.0,0.0,0.0,0.45,0.0304,SYNTHETIC
35cd4f69-4db9-465b-8548-988effa15521,d95e7945-8ef3-429f-810a-bd6e0e7ce9d1,Corporate Bond,Fixed,NVDA Entity,NVDA,Technology,US,USD,30467117.71,25662163.26,25662163.26,AA,3.16,Fixed,7.86,0.35,2.51,0.0,0.0,0.0,0.45,0.0213,SYNTHETIC
d95b80cf-d4f2-4f25-9e8a-d06f67072d1c,d95e7945-8ef3-429f-810a-bd6e0e7ce9d1,Equity,Standard,JPM Entity,JPM,Financials,US,USD,55626524.33,46706609.82,46706609.82,BBB,3.76,Fixed,0.0,0.0,0.0,0.0,0.87,1.36,0.45,0.044,SYNTHETIC
d1b7ac19-8100-4438-8747-5b7129a5b38d,d95e7945-8ef3-429f-810a-bd6e0e7ce9d1,Corporate Loan,Fixed,JPM Entity,JPM,Financials,US,USD,19302171.09,18158944.22,18158944.22,B,5.88,Fixed,7.89,0.76,5.79,0.0,0.0,0.0,0.45,0.0075,SYNTHETIC
47bc8155-9e6a-4f8b-b3a9-d0d1c88a993f,d95e7945-8ef3-429f-810a-bd6e0e7ce9d1,Corporate Loan,Floating,NVDA Entity,NVDA,Technology,US,USD,12117294.69,10696787.37,10696787.37,A,5.57,Floating,2.29,0.91,4.39,0.0,0.0,0.0,0.45,0.0496,SYNTHETIC
5f733058-fcac-4b9f-a407-690075f45a16,d95e7945-8ef3-429f-810a-bd6e0e7ce9d1,Corporate Bond,Fixed,MSFT Entity,MSFT,Technology,US,USD,30895449.88,26993505.49,26993505.49,AA,2.51,Fixed,3.08,1.0,4.32,0.0,0.0,0.0,0.45,0.0406,SYNTHETIC
8e44b0b4-9236-47e5-b323-61829a041289,d95e7945-8ef3-429f-810a-bd6e0e7ce9d1,Corporate Loan,Floating,XOM Entity,XOM,Energy,US,USD,10121762.36,9121346.0,9121346.0,B,4.84,Floating,2.72,0.53,5.15,0.0,0.0,0.0,0.45,0.0169,SYNTHETIC
7364ddc5-6422-4080-a683-9415ac19b61a,d95e7945-8ef3-429f-810a-bd6e0e7ce9d1,Corporate Bond,Fixed,MSFT Entity,MSFT,Technology,US,USD,10970941.23,9164755.55,9164755.55,BBB,1.3,Fixed,7.18,0.46,3.29,0.0,0.0,0.0,0.45,0.0294,SYNTHETIC
a830b909-627f-4ca9-9dcb-70b888f3a16e,d95e7945-8ef3-429f-810a-bd6e0e7ce9d1,Corporate Loan,Fixed,AAPL Entity,AAPL,Technology,US,USD,45035398.92,38091685.37,38091685.37,CCC,2.94,Fixed,6.59,0.86,4.97,0.0,0.0,0.0,0.45,0.0166,SYNTHETIC
efaec411-fb2d-4cc9-ab19-9cb48a88054f,d95e7945-8ef3-429f-810a-bd6e0e7ce9d1,Corporate Bond,Fixed,NVDA Entity,NVDA,Technology,US,USD,46668495.31,42733969.71,42733969.71,B,5.34,Fixed,7.3,0.55,4.07,0.0,0.0,0.0,0.45,0.0497,SYNTHETIC
02eea707-42f9-47bd-ae50-8d54a20a0144,d95e7945-8ef3-429f-810a-bd6e0e7ce9d1,Corporate Loan,Floating,AAPL Entity,AAPL,Technology,US,USD,23263842.19,19518260.33,19518260.33,AAA,5.45,Floating,2.45,0.55,2.6,0.0,0.0,0.0,0.45,0.0343,SYNTHETIC
08ffc886-1523-4750-86af-6fe72cd7180a,d95e7945-8ef3-429f-810a-bd6e0e7ce9d1,Corporate Bond,Fixed,AAPL Entity,AAPL,Technology,US,USD,20242124.42,19292613.16,19292613.16,AA,6.77,Fixed,2.35,0.83,5.98,0.0,0.0,0.0,0.45,0.0324,SYNTHETIC
73aa75d7-aab8-4cc4-9ed5-5391d8a60cad,d95e7945-8ef3-429f-810a-bd6e0e7ce9d1,Corporate Loan,Fixed,MSFT Entity,MSFT,Technology,US,USD,19043526.41,18046184.35,18046184.35,CCC,1.75,Fixed,6.35,0.41,4.06,0.0,0.0,0.0,0.45,0.005,SYNTHETIC
f89d0919-b240-460f-8af1-b853c5260e42,d95e7945-8ef3-429f-810a-bd6e0e7ce9d1,Corporate Loan,Fixed,JPM Entity,JPM,Financials,US,USD,28015042.49,27573292.3,27573292.3,B,3.54,Fixed,2.51,0.13,2.38,0.0,0.0,0.0,0.45,0.0181,SYNTHETIC
5bbfd02f-a6a4-420a-babc-7d3a12e00d60,d95e7945-8ef3-429f-810a-bd6e0e7ce9d1,Corporate Bond,Fixed,AAPL Entity,AAPL,Technology,US,USD,57575880.05,48360400.22,48360400.22,AAA,2.19,Fixed,6.52,0.37,5.0,0.0,0.0,0.0,0.45,0.0223,SYNTHETIC
22c4c17e-be3e-40a1-893d-46b49bb86667,d95e7945-8ef3-429f-810a-bd6e0e7ce9d1,Corporate Loan,Floating,JPM Entity,JPM,Financials,US,USD,37776557.12,36078939.64,36078939.64,AA,9.53,Floating,6.95,0.74,4.7,0.0,0.0,0.0,0.45,0.0368,SYNTHETIC
877a78ef-dd52-4769-891e-dce21954ad4b,d95e7945-8ef3-429f-810a-bd6e0e7ce9d1,Derivative,FX Forward,NVDA Entity,NVDA,Technology,US,USD,230623512.29,23062351.23,34593526.84,CCC,1.4,Fixed,0.0,0.0,3.37,0.0,0.36,0.0,0.45,0.0101,SYNTHETIC
23716f7c-776b-4b2b-b5a8-b6ed1d56a8ab,d95e7945-8ef3-429f-810a-bd6e0e7ce9d1,Derivative,FX Forward,XOM Entity,XOM,Energy,US,USD,463298518.75,46329851.87,69494777.81,CCC,3.8,Fixed,0.0,0.0,7.04,0.0,0.91,0.0,0.45,0.0486,SYNTHETIC
178a56d4-61fc-49da-bf43-dbe1adaf15a1,d95e7945-8ef3-429f-810a-bd6e0e7ce9d1,Corporate Bond,Fixed,XOM Entity,XOM,Energy,US,USD,42072885.33,36316713.34,36316713.34,AAA,4.03,Fixed,4.47,0.12,3.01,0.0,0.0,0.0,0.45,0.0212,SYNTHETIC
5bb21a52-1d6f-46eb-beb4-dc8ff805061d,d95e7945-8ef3-429f-810a-bd6e0e7ce9d1,Corporate Bond,Fixed,JPM Entity,JPM,Financials,US,USD,3601857.41,3544073.94,3544073.94,AA,3.88,Fixed,7.84,0.41,3.94,0.0,0.0,0.0,0.45,0.0485,SYNTHETIC
dbbe8a49-2afa-4681-8e25-e254cc6c8a16,d95e7945-8ef3-429f-810a-bd6e0e7ce9d1,Corporate Loan,Fixed,AAPL Entity,AAPL,Technology,US,USD,11529960.04,11466152.0,11466152.0,BBB,2.5,Fixed,6.14,0.67,2.9,0.0,0.0,0.0,0.45,0.0445,SYNTHETIC
273b8818-8e42-4c05-a269-6678ebec28cf,d95e7945-8ef3-429f-810a-bd6e0e7ce9d1,Corporate Loan,Fixed,XOM Entity,XOM,Energy,US,USD,1340931.16,1214668.16,1214668.16,A,2.22,Fixed,2.33,0.2,6.7,0.0,0.0,0.0,0.45,0.0408,SYNTHETIC
0a10eee4-5a70-42e8-9119-1a5fad52d8b3,d95e7945-8ef3-429f-810a-bd6e0e7ce9d1,Corporate Bond,Fixed,AAPL Entity,AAPL,Technology,US,USD,29954076.7,27229780.42,27229780.42,A,4.77,Fixed,3.96,0.52,4.14,0.0,0.0,0.0,0.45,0.0048,SYNTHETIC
794ace5c-b05c-4c63-8bb1-4382b6e2d07c,d95e7945-8ef3-429f-810a-bd6e0e7ce9d1,Corporate Bond,Fixed,XOM Entity,XOM,Energy,US,USD,14956422.74,14777893.01,14777893.01,CCC,4.84,Fixed,5.28,0.43,2.89,0.0,0.0,0.0,0.45,0.0113,SYNTHETIC
52cc3da3-a182-49ca-9e54-0f73a73db75c,d95e7945-8ef3-429f-810a-bd6e0e7ce9d1,Corporate Loan,Floating,AAPL Entity,AAPL,Technology,US,USD,36428440.95,33576883.32,33576883.32,A,9.85,Floating,2.94,0.18,6.53,0.0,0.0,0.0,0.45,0.0478,SYNTHETIC
ef9da0be-ffbc-4d35-9128-e1445bc2bde2,d95e7945-8ef3-429f-810a-bd6e0e7ce9d1,Corporate Loan,Floating,AAPL Entity,AAPL,Technology,US,USD,25369336.42,23796953.97,23796953.97,CCC,3.78,Floating,6.37,0.13,4.43,0.0,0.0,0.0,0.45,0.0182,SYNTHETIC
b816645d-5daa-4d78-9048-b516f9e0057c,d95e7945-8ef3-429f-810a-bd6e0e7ce9d1,Corporate Loan,Fixed,XOM Entity,XOM,Energy,US,USD,30003929.32,27609669.49,27609669.49,BB,1.66,Fixed,2.85,0.78,6.05,0.0,0.0,0.0,0.45,0.0272,SYNTHETIC
e89a4a9f-2c25-49e9-abaf-23337908fe5f,d95e7945-8ef3-429f-810a-bd6e0e7ce9d1,Corporate Bond,Fixed,NVDA Entity,NVDA,Technology,US,USD,22060945.37,21593777.61,21593777.61,A,5.61,Fixed,3.72,0.29,7.66,0.0,0.0,0.0,0.45,0.0278,SYNTHETIC
89221b07-4d69-43ff-8ad4-c26b58b55355,d95e7945-8ef3-429f-810a-bd6e0e7ce9d1,Corporate Bond,Fixed,AAPL Entity,AAPL,Technology,US,USD,24346236.31,23477090.57,23477090.57,BBB,1.61,Fixed,4.52,0.22,4.62,0.0,0.0,0.0,0.45,0.0377,SYNTHETIC
b8b92efe-f03e-4ef7-9f47-d08e60db7d3c,d95e7945-8ef3-429f-810a-bd6e0e7ce9d1,Corporate Loan,Floating,MSFT Entity,MSFT,Technology,US,USD,10393989.04,9633195.05,9633195.05,BB,5.65,Floating,4.15,0.1,7.97,0.0,0.0,0.0,0.45,0.0123,SYNTHETIC
59222ba9-7137-4334-92d1-f7dc44497adb,d95e7945-8ef3-429f-810a-bd6e0e7ce9d1,Corporate Bond,Fixed,MSFT Entity,MSFT,Technology,US,USD,23986541.45,23171006.97,23171006.97,BBB,6.73,Fixed,6.76,0.12,2.13,0.0,0.0,0.0,0.45,0.0137,SYNTHETIC
27f08638-fac9-49aa-9861-4ef604034d73,d95e7945-8ef3-429f-810a-bd6e0e7ce9d1,Corporate Loan,Floating,NVDA Entity,NVDA,Technology,US,USD,19053187.75,17056964.43,17056964.43,AAA,6.01,Floating,6.48,0.89,6.45,0.0,0.0,0.0,0.45,0.0155,SYNTHETIC
d606279c-a393-423d-9265-a6f49a820331,d95e7945-8ef3-429f-810a-bd6e0e7ce9d1,Corporate Bond,Fixed,AAPL Entity,AAPL,Technology,US,USD,17605350.97,16716111.55,16716111.55,A,1.73,Fixed,6.86,0.46,3.59,0.0,0.0,0.0,0.45,0.0092,SYNTHETIC
ae449317-83a4-4dff-8a10-88814a8b6cb3,d95e7945-8ef3-429f-810a-bd6e0e7ce9d1,Corporate Loan,Floating,MSFT Entity,MSFT,Technology,US,USD,9209985.8,8006847.19,8006847.19,AAA,5.36,Floating,7.95,0.27,7.95,0.0,0.0,0.0,0.45,0.0238,SYNTHETIC
cf2bdab9-eb0c-4fe1-b1fa-ff7aa9fad3e9,d95e7945-8ef3-429f-810a-bd6e0e7ce9d1,Corporate Bond,Fixed,JPM Entity,JPM,Financials,US,USD,5752625.12,5479315.31,5479315.31,BBB,6.37,Fixed,4.27,0.97,2.15,0.0,0.0,0.0,0.45,0.0116,SYNTHETIC
589a1349-121e-49d8-b98d-7054535cea77,d95e7945-8ef3-429f-810a-bd6e0e7ce9d1,Equity,Standard,MSFT Entity,MSFT,Technology,US,USD,29534536.39,28224636.19,28224636.19,BBB,2.23,Fixed,0.0,0.0,0.0,0.0,0.34,1.47,0.45,0.0459,SYNTHETIC
5104b4ab-2337-4bc4-a23a-50cdc00da861,d95e7945-8ef3-429f-810a-bd6e0e7ce9d1,Derivative,FX Forward,NVDA Entity,NVDA,Technology,US,USD,413011052.29,41301105.23,61951657.84,BB,9.36,Fixed,0.0,0.0,4.31,0.0,0.94,0.0,0.45,0.0388,SYNTHETIC
dafed4d1-a202-4c56-b0e9-e6106e15e2ea,d95e7945-8ef3-429f-810a-bd6e0e7ce9d1,Corporate Loan,Fixed,NVDA Entity,NVDA,Technology,US,USD,10369292.89,9291288.64,9291288.64,CCC,9.96,Fixed,5.45,0.17,3.52,0.0,0.0,0.0,0.45,0.0175,SYNTHETIC
e6f70b74-759c-4952-a62a-5eac00a93ee5,d95e7945-8ef3-429f-810a-bd6e0e7ce9d1,Corporate Loan,Fixed,NVDA Entity,NVDA,Technology,US,USD,14486563.23,12632761.47,12632761.47,A,4.81,Fixed,3.05,0.93,7.17,0.0,0.0,0.0,0.45,0.0438,SYNTHETIC
4d5bd50f-c8c8-45b8-a38f-dc3476f9c97c,d95e7945-8ef3-429f-810a-bd6e0e7ce9d1,Corporate Loan,Fixed,AAPL Entity,AAPL,Technology,US,USD,49988323.83,47393288.73,47393288.73,B,2.49,Fixed,6.6,0.84,4.93,0.0,0.0,0.0,0.45,0.0095,SYNTHETIC
81c8ee8f-8c64-45e7-9c77-13f83421e1ab,d95e7945-8ef3-429f-810a-bd6e0e7ce9d1,Derivative,FX Forward,XOM Entity,XOM,Energy,US,USD,174163665.33,17416366.53,26124549.8,AAA,4.5,Fixed,0.0,0.0,7.01,0.0,0.33,0.0,0.45,0.0026,SYNTHETIC
6ffbaa45-5de9-4c2e-825b-dc28a77e874d,d95e7945-8ef3-429f-810a-bd6e0e7ce9d1,Corporate Bond,Fixed,XOM Entity,XOM,Energy,US,USD,56199378.86,48023633.82,48023633.82,BBB,8.49,Fixed,5.21,0.95,2.06,0.0,0.0,0.0,0.45,0.0299,SYNTHETIC
85ad302c-d8b7-4eff-befb-874795ab82b4,d95e7945-8ef3-429f-810a-bd6e0e7ce9d1,Corporate Loan,Fixed,JPM Entity,JPM,Financials,US,USD,10545593.2,10454216.84,10454216.84,BB,8.85,Fixed,3.05,0.97,3.7,0.0,0.0,0.0,0.45,0.0148,SYNTHETIC
70df84e3-29c8-4dd9-bcd2-ce2b0474e972,d95e7945-8ef3-429f-810a-bd6e0e7ce9d1,Corporate Bond,Fixed,XOM Entity,XOM,Energy,US,USD,28266441.84,26065904.27,26065904.27,AA,2.44,Fixed,4.16,0.63,3.01,0.0,0.0,0.0,0.45,0.0013,SYNTHETIC
90bef737-5601-41d7-ae82-7be977bd726b,d95e7945-8ef3-429f-810a-bd6e0e7ce9d1,Equity,Standard,NVDA Entity,NVDA,Technology,US,USD,36548812.36,34372453.61,34372453.61,A,1.82,Fixed,0.0,0.0,0.0,0.0,0.92,1.27,0.45,0.0092,SYNTHETIC
5dbaa013-8280-4f6f-8201-80519a0a3dbb,d95e7945-8ef3-429f-810a-bd6e0e7ce9d1,Equity,Standard,NVDA Entity,NVDA,Technology,US,USD,2668505.15,2602796.86,2602796.86,BBB,3.75,Fixed,0.0,0.0,0.0,0.0,0.59,1.5,0.45,0.0037,SYNTHETIC
2c6f981e-6909-46bb-a306-a80cfdc4f092,d95e7945-8ef3-429f-810a-bd6e0e7ce9d1,Corporate Loan,Floating,MSFT Entity,MSFT,Technology,US,USD,15491244.24,13952371.14,13952371.14,AA,3.88,Floating,4.36,0.17,5.61,0.0,0.0,0.0,0.45,0.019,SYNTHETIC
0a6ac192-12eb-426b-8cd0-50e9204b725c,d95e7945-8ef3-429f-810a-bd6e0e7ce9d1,Corporate Loan,Fixed,AAPL Entity,AAPL,Technology,US,USD,33587314.63,29550966.29,29550966.29,AA,4.43,Fixed,6.55,0.41,5.02,0.0,0.0,0.0,0.45,0.0017,SYNTHETIC
572ddb71-5f98-40ee-8ba0-63855c164b14,d95e7945-8ef3-429f-810a-bd6e0e7ce9d1,Corporate Bond,Fixed,MSFT Entity,MSFT,Technology,US,USD,58781573.14,49830418.25,49830418.25,BB,2.04,Fixed,5.19,0.78,3.61,0.0,0.0,0.0,0.45,0.0271,SYNTHETIC
8181c6f2-4bf6-4e1a-b92b-3a107f232113,d95e7945-8ef3-429f-810a-bd6e0e7ce9d1,Corporate Loan,Fixed,AAPL Entity,AAPL,Technology,US,USD,35701509.72,33344463.13,33344463.13,BB,7.34,Fixed,2.63,0.26,7.01,0.0,0.0,0.0,0.45,0.0054,SYNTHETIC
46b7b1fa-6e38-49be-9757-6f23ecd69493,d95e7945-8ef3-429f-810a-bd6e0e7ce9d1,Corporate Loan,Floating,XOM Entity,XOM,Energy,US,USD,13513743.41,13188817.33,13188817.33,AA,7.26,Floating,5.39,0.94,2.42,0.0,0.0,0.0,0.45,0.0133,SYNTHETIC
73aa8654-38b3-4b5d-9a04-6e002816770c,d95e7945-8ef3-429f-810a-bd6e0e7ce9d1,Corporate Bond,Fixed,XOM Entity,XOM,Energy,US,USD,36793537.77,32177657.39,32177657.39,AAA,3.43,Fixed,3.97,0.35,5.24,0.0,0.0,0.0,0.45,0.0279,SYNTHETIC
530ed67d-4324-41af-8596-523ba388b5b3,d95e7945-8ef3-429f-810a-bd6e0e7ce9d1,Derivative,CDS,AAPL Entity,AAPL,Technology,US,USD,166616747.05,16661674.7,24992512.06,BBB,1.09,Fixed,0.0,0.0,2.9,0.0,0.99,0.0,0.45,0.0393,SYNTHETIC
0339c9c5-d06d-4e42-8c4a-69e2d6e25571,d95e7945-8ef3-429f-810a-bd6e0e7ce9d1,Corporate Bond,Fixed,MSFT Entity,MSFT,Technology,US,USD,43952103.07,42801520.24,42801520.24,AAA,3.09,Fixed,2.6,0.95,3.92,0.0,0.0,0.0,0.45,0.0434,SYNTHETIC
439dd4e7-7746-4a50-969b-7dc12bdce1c8,d95e7945-8ef3-429f-810a-bd6e0e7ce9d1,Corporate Bond,Fixed,AAPL Entity,AAPL,Technology,US,USD,36903925.28,33492322.12,33492322.12,AA,3.21,Fixed,3.64,0.37,3.79,0.0,0.0,0.0,0.45,0.0438,SYNTHETIC
0a7c08b7-8bf8-4f18-9da9-5d7dbb857196,d95e7945-8ef3-429f-810a-bd6e0e7ce9d1,Corporate Bond,Fixed,AAPL Entity,AAPL,Technology,US,USD,45435573.18,43812425.9,43812425.9,BBB,2.97,Fixed,6.91,0.69,3.47,0.0,0.0,0.0,0.45,0.0036,SYNTHETIC
e9d5ff2a-c3cd-4c9c-9a01-b1760310c4ac,d95e7945-8ef3-429f-810a-bd6e0e7ce9d1,Corporate Loan,Floating,AAPL Entity,AAPL,Technology,US,USD,38265067.17,35213728.21,35213728.21,A,3.9,Floating,6.09,0.94,4.42,0.0,0.0,0.0,0.45,0.0455,SYNTHETIC
00284c3b-415e-405b-be74-26da0c4dacf8,d95e7945-8ef3-429f-810a-bd6e0e7ce9d1,Corporate Bond,Fixed,NVDA Entity,NVDA,Technology,US,USD,17573561.25,15222273.77,15222273.77,AAA,2.37,Fixed,5.84,0.29,7.4,0.0,0.0,0.0,0.45,0.0442,SYNTHETIC
e5c59242-188d-4b0a-94da-81195c6660ca,d95e7945-8ef3-429f-810a-bd6e0e7ce9d1,Corporate Bond,Fixed,AAPL Entity,AAPL,Technology,US,USD,9462742.74,8291722.52,8291722.52,AA,4.8,Fixed,4.07,0.99,6.93,0.0,0.0,0.0,0.45,0.0346,SYNTHETIC
9d71cd00-c13a-4cd9-a9b5-3849160ca518,d95e7945-8ef3-429f-810a-bd6e0e7ce9d1,Corporate Bond,Fixed,MSFT Entity,MSFT,Technology,US,USD,8218134.84,6863434.67,6863434.67,CCC,6.73,Fixed,7.22,0.3,3.67,0.0,0.0,0.0,0.45,0.0423,SYNTHETIC
a4e9383e-7cf4-4d95-b995-e37b2f18a4d9,d95e7945-8ef3-429f-810a-bd6e0e7ce9d1,Corporate Loan,Fixed,AAPL Entity,AAPL,Technology,US,USD,52027058.07,47379677.23,47379677.23,BBB,1.09,Fixed,3.55,0.43,5.33,0.0,0.0,0.0,0.45,0.0344,SYNTHETIC
a0b2fcee-16ba-466c-9591-81986ed01a9f,d95e7945-8ef3-429f-810a-bd6e0e7ce9d1,Corporate Loan,Fixed,JPM Entity,JPM,Financials,US,USD,41656436.17,37136942.83,37136942.83,CCC,1.68,Fixed,3.21,0.4,3.64,0.0,0.0,0.0,0.45,0.0062,SYNTHETIC
67ae00d8-3f15-4b13-b069-6c68898c5f6c,d95e7945-8ef3-429f-810a-bd6e0e7ce9d1,Corporate Loan,Floating,XOM Entity,XOM,Energy,US,USD,28774345.7,27769985.0,27769985.0,AA,3.96,Floating,3.4,0.99,2.27,0.0,0.0,0.0,0.45,0.0342,SYNTHETIC
0dde2005-06d4-4cfa-a7f6-417c145c62a7,d95e7945-8ef3-429f-810a-bd6e0e7ce9d1,Corporate Bond,Fixed,AAPL Entity,AAPL,Technology,US,USD,3289339.51,2920086.41,2920086.41,AA,8.24,Fixed,2.97,0.66,3.87,0.0,0.0,0.0,0.45,0.0475,SYNTHETIC
78a68bb3-bd5d-477a-82ee-4227d9d627a5,d95e7945-8ef3-429f-810a-bd6e0e7ce9d1,Corporate Loan,Floating,JPM Entity,JPM,Financials,US,USD,8668721.2,8295384.37,8295384.37,CCC,1.56,Floating,2.37,0.48,5.78,0.0,0.0,0.0,0.45,0.0316,SYNTHETIC
e0837075-608e-478a-9073-cb3992074a7b,d95e7945-8ef3-429f-810a-bd6e0e7ce9d1,Corporate Loan,Floating,NVDA Entity,NVDA,Technology,US,USD,15469282.77,14690278.02,14690278.02,BBB,2.74,Floating,4.07,0.87,2.61,0.0,0.0,0.0,0.45,0.0018,SYNTHETIC
29c880fb-0bad-41c6-95ec-97e6ad8f3d22,d95e7945-8ef3-429f-810a-bd6e0e7ce9d1,Equity,Standard,JPM Entity,JPM,Financials,US,USD,35354428.85,31757434.71,31757434.71,AAA,4.82,Fixed,0.0,0.0,0.0,0.0,0.44,0.88,0.45,0.0103,SYNTHETIC
0a57cda6-d261-43dd-9b94-864205e9b5bd,d95e7945-8ef3-429f-810a-bd6e0e7ce9d1,Corporate Bond,Fixed,NVDA Entity,NVDA,Technology,US,USD,51324271.31,44656199.28,44656199.28,AA,6.14,Fixed,5.46,0.52,7.75,0.0,0.0,0.0,0.45,0.0174,SYNTHETIC
2446f54f-8025-4510-a453-8ec73d3f0627,d95e7945-8ef3-429f-810a-bd6e0e7ce9d1,Corporate Bond,Fixed,MSFT Entity,MSFT,Technology,US,USD,27228488.75,26510474.97,26510474.97,BBB,4.08,Fixed,2.48,0.71,6.92,0.0,0.0,0.0,0.45,0.0239,SYNTHETIC
877f6f3f-7c10-44b8-943d-9d69fefacea3,d95e7945-8ef3-429f-810a-bd6e0e7ce9d1,Corporate Bond,Fixed,NVDA Entity,NVDA,Technology,US,USD,6105038.43,5543895.9,5543895.9,AA,8.0,Fixed,2.0,0.63,2.22,0.0,0.0,0.0,0.45,0.0394,SYNTHETIC
3415b886-5ea6-4c25-8b31-4daae68a558d,d95e7945-8ef3-429f-810a-bd6e0e7ce9d1,Derivative,CDS,MSFT Entity,MSFT,Technology,US,USD,410366066.91,41036606.69,61554910.04,AAA,1.96,Fixed,0.0,0.0,7.28,0.0,0.45,0.0,0.45,0.0281,SYNTHETIC
e7e9fb9c-bd21-49ab-aa48-af22aeae801b,d95e7945-8ef3-429f-810a-bd6e0e7ce9d1,Corporate Bond,Fixed,JPM Entity,JPM,Financials,US,USD,34610148.01,34528474.89,34528474.89,A,4.81,Fixed,3.57,0.93,5.14,0.0,0.0,0.0,0.45,0.0476,SYNTHETIC
cc1b9a37-1ebf-4abb-9c46-11cfabdada99,d95e7945-8ef3-429f-810a-bd6e0e7ce9d1,Corporate Bond,Fixed,JPM Entity,JPM,Financials,US,USD,17366209.46,15541244.23,15541244.23,CCC,4.69,Fixed,4.04,0.93,6.26,0.0,0.0,0.0,0.45,0.0128,SYNTHETIC
7e6e053a-7f9e-4e2d-a982-5d5579d76156,d95e7945-8ef3-429f-810a-bd6e0e7ce9d1,Corporate Bond,Fixed,MSFT Entity,MSFT,Technology,US,USD,17539434.83,15405185.94,15405185.94,CCC,6.95,Fixed,3.53,0.4,2.68,0.0,0.0,0.0,0.45,0.035,SYNTHETIC
1d2a7238-958f-49e2-91a4-607ed47fcc90,d95e7945-8ef3-429f-810a-bd6e0e7ce9d1,Corporate Bond,Fixed,XOM Entity,XOM,Energy,US,USD,29750139.51,28787689.92,28787689.92,AAA,6.65,Fixed,6.74,0.98,7.87,0.0,0.0,0.0,0.45,0.018,SYNTHETIC
0c8e8ce8-c5e7-48b6-92ac-b4154cfdd914,d95e7945-8ef3-429f-810a-bd6e0e7ce9d1,Corporate Bond,Fixed,NVDA Entity,NVDA,Technology,US,USD,11870811.22,9954515.33,9954515.33,BBB,1.83,Fixed,5.77,0.32,7.33,0.0,0.0,0.0,0.45,0.0268,SYNTHETIC
0b0a6996-375b-4a4c-b80b-3c1dde795714,d95e7945-8ef3-429f-810a-bd6e0e7ce9d1,Corporate Loan,Floating,AAPL Entity,AAPL,Technology,US,USD,36312796.38,32817910.77,32817910.77,AA,2.31,Floating,2.33,0.72,6.51,0.0,0.0,0.0,0.45,0.0257,SYNTHETIC
de8e2f23-0d71-44ca-ae99-30eaceeb79d2,d95e7945-8ef3-429f-810a-bd6e0e7ce9d1,Corporate Bond,Fixed,MSFT Entity,MSFT,Technology,US,USD,45219938.64,44076283.06,44076283.06,CCC,7.66,Fixed,3.68,0.97,7.76,0.0,0.0,0.0,0.45,0.0458,SYNTHETIC
c2be8ead-2620-4a30-bdf4-04fcc3e7d5e8,d95e7945-8ef3-429f-810a-bd6e0e7ce9d1,Derivative,FX Forward,XOM Entity,XOM,Energy,US,USD,37043394.95,3704339.5,5556509.24,BB,8.18,Fixed,0.0,0.0,4.25,0.0,0.61,0.0,0.45,0.0289,SYNTHETIC
865080c2-ea14-4309-9c24-9a6c2905ce31,d95e7945-8ef3-429f-810a-bd6e0e7ce9d1,Corporate Loan,Floating,JPM Entity,JPM,Financials,US,USD,30837399.19,25992526.63,25992526.63,AAA,6.98,Floating,3.9,0.56,4.69,0.0,0.0,0.0,0.45,0.029,SYNTHETIC
c7fec183-0cfc-49a5-a9d4-e293c6d33e73,d95e7945-8ef3-429f-810a-bd6e0e7ce9d1,Derivative,IR Swap,NVDA Entity,NVDA,Technology,US,USD,316015023.55,31601502.35,47402253.53,BBB,6.32,Fixed,0.0,0.0,4.3,1770.13,0.94,0.0,0.45,0.0171,SYNTHETIC
e4c8bb0e-0097-4bb7-bcdf-e543c011ec8a,d95e7945-8ef3-429f-810a-bd6e0e7ce9d1,Corporate Loan,Fixed,NVDA Entity,NVDA,Technology,US,USD,41901248.37,37235313.26,37235313.26,B,4.81,Fixed,2.71,0.33,2.11,0.0,0.0,0.0,0.45,0.0236,SYNTHETIC
3e7156ee-7a01-4bc0-9e76-2c1a6e7def17,d95e7945-8ef3-429f-810a-bd6e0e7ce9d1,Corporate Bond,Fixed,AAPL Entity,AAPL,Technology,US,USD,2389771.55,2208126.02,2208126.02,AA,7.36,Fixed,4.91,0.93,6.95,0.0,0.0,0.0,0.45,0.0488,SYNTHETIC
dc9e04e7-7789-435b-8861-928c9c3543b9,d95e7945-8ef3-429f-810a-bd6e0e7ce9d1,Corporate Bond,Fixed,AAPL Entity,AAPL,Technology,US,USD,14502825.51,12941806.32,12941806.32,BB,1.87,Fixed,7.89,0.68,3.93,0.0,0.0,0.0,0.45,0.0318,SYNTHETIC
7fef537f-1cb1-4bf7-9480-5f3fe6587b18,d95e7945-8ef3-429f-810a-bd6e0e7ce9d1,Corporate Bond,Fixed,MSFT Entity,MSFT,Technology,US,USD,39629930.71,35259848.13,35259848.13,A,2.1,Fixed,5.94,0.47,4.78,0.0,0.0,0.0,0.45,0.0171,SYNTHETIC
f761044a-0d3c-4c69-a116-6b89d82ee2ca,d95e7945-8ef3-429f-810a-bd6e0e7ce9d1,Corporate Bond,Fixed,AAPL Entity,AAPL,Technology,US,USD,1973495.75,1905710.39,1905710.39,A,8.42,Fixed,7.82,0.48,2.27,0.0,0.0,0.0,0.45,0.0152,SYNTHETIC
528714f2-015d-451c-9b1c-21a792790352,d95e7945-8ef3-429f-810a-bd6e0e7ce9d1,Corporate Bond,Fixed,MSFT Entity,MSFT,Technology,US,USD,47724783.49,44608817.59,44608817.59,B,1.95,Fixed,4.78,0.2,7.2,0.0,0.0,0.0,0.45,0.0213,SYNTHETIC
443672f4-8bcc-4f33-83c1-28aa0438da04,d95e7945-8ef3-429f-810a-bd6e0e7ce9d1,Corporate Bond,Fixed,XOM Entity,XOM,Energy,US,USD,48503091.15,46266996.94,46266996.94,AAA,7.46,Fixed,7.24,0.45,2.42,0.0,0.0,0.0,0.45,0.0045,SYNTHETIC
4f5d2f08-907a-4fa9-a064-544eb95023e7,d95e7945-8ef3-429f-810a-bd6e0e7ce9d1,Corporate Bond,Fixed,NVDA Entity,NVDA,Technology,US,USD,6318329.38,5527860.96,5527860.96,BB,1.58,Fixed,7.89,0.11,5.03,0.0,0.0,0.0,0.45,0.0442,SYNTHETIC
fdafa097-e9c8-41fb-8bab-e4dd326d3462,d95e7945-8ef3-429f-810a-bd6e0e7ce9d1,Corporate Bond,Fixed,AAPL Entity,AAPL,Technology,US,USD,7802762.98,7328155.57,7328155.57,BBB,3.15,Fixed,5.49,0.78,6.07,0.0,0.0,0.0,0.45,0.0119,SYNTHETIC
21c31a80-88f1-4c7c-b4d4-3f113819f504,d95e7945-8ef3-429f-810a-bd6e0e7ce9d1,Corporate Bond,Fixed,NVDA Entity,NVDA,Technology,US,USD,6258141.61,5282302.63,5282302.63,BB,8.28,Fixed,2.46,0.94,4.47,0.0,0.0,0.0,0.45,0.0058,SYNTHETIC
11c56b4a-e855-4673-9bef-119b14b55c92,d95e7945-8ef3-429f-810a-bd6e0e7ce9d1,Corporate Bond,Fixed,JPM Entity,JPM,Financials,US,USD,46846418.19,40910197.58,40910197.58,BBB,4.57,Fixed,3.45,0.83,7.14,0.0,0.0,0.0,0.45,0.0266,SYNTHETIC
2b0612a6-254a-4ccf-ac66-12adedb2ff08,d95e7945-8ef3-429f-810a-bd6e0e7ce9d1,Derivative,CDS,MSFT Entity,MSFT,Technology,US,USD,137491954.56,13749195.46,20623793.18,AA,4.3,Fixed,0.0,0.0,6.66,0.0,0.28,0.0,0.45,0.0357,SYNTHETIC
d892f689-b4c1-4682-91d9-2c9173b1a897,d95e7945-8ef3-429f-810a-bd6e0e7ce9d1,Corporate Loan,Fixed,MSFT Entity,MSFT,Technology,US,USD,53247142.57,47004419.22,47004419.22,CCC,7.05,Fixed,3.66,0.99,4.25,0.0,0.0,0.0,0.45,0.0491,SYNTHETIC
aa93b200-d5c3-42c0-b847-683911d68cbc,d95e7945-8ef3-429f-810a-bd6e0e7ce9d1,Corporate Bond,Fixed,XOM Entity,XOM,Energy,US,USD,38303269.57,32554154.07,32554154.07,A,3.67,Fixed,6.23,0.27,2.03,0.0,0.0,0.0,0.45,0.046,SYNTHETIC
2d08a06e-cc7e-4aa3-bf47-74bdc4566ce6,d95e7945-8ef3-429f-810a-bd6e0e7ce9d1,Corporate Loan,Fixed,XOM Entity,XOM,Energy,US,USD,53152951.12,44331841.77,44331841.77,CCC,4.27,Fixed,5.22,0.17,4.1,0.0,0.0,0.0,0.45,0.0126,SYNTHETIC
1808edf8-1da9-4ffd-8271-d2843e9d9574,d95e7945-8ef3-429f-810a-bd6e0e7ce9d1,Equity,Standard,JPM Entity,JPM,Financials,US,USD,11250247.03,10797684.86,10797684.86,B,9.84,Fixed,0.0,0.0,0.0,0.0,0.31,1.24,0.45,0.0436,SYNTHETIC
5f27ae64-c670-4beb-a72e-763fd0076580,d95e7945-8ef3-429f-810a-bd6e0e7ce9d1,Corporate Loan,Fixed,XOM Entity,XOM,Energy,US,USD,20872226.82,17905738.76,17905738.76,AA,6.98,Fixed,7.55,0.71,2.64,0.0,0.0,0.0,0.45,0.0234,SYNTHETIC
b0665f5d-9a12-4c3b-8c1e-d3686bb9454e,d95e7945-8ef3-429f-810a-bd6e0e7ce9d1,Corporate Loan,Fixed,AAPL Entity,AAPL,Technology,US,USD,8369130.38,7969350.48,7969350.48,CCC,5.05,Fixed,2.8,0.33,6.11,0.0,0.0,0.0,0.45,0.0458,SYNTHETIC
2f7b20c0-e7fe-4aaa-95c5-23057497ab4f,d95e7945-8ef3-429f-810a-bd6e0e7ce9d1,Corporate Loan,Floating,JPM Entity,JPM,Financials,US,USD,23579257.56,20339206.17,20339206.17,A,9.91,Floating,7.1,0.41,2.83,0.0,0.0,0.0,0.45,0.0153,SYNTHETIC
c6ededa5-44d9-4cab-adda-b50869f1dff3,d95e7945-8ef3-429f-810a-bd6e0e7ce9d1,Corporate Loan,Fixed,XOM Entity,XOM,Energy,US,USD,16657359.78,16037738.55,16037738.55,BBB,1.52,Fixed,5.95,0.64,2.89,0.0,0.0,0.0,0.45,0.0038,SYNTHETIC
9c78e53c-bb8a-4d63-a109-37d50f242879,d95e7945-8ef3-429f-810a-bd6e0e7ce9d1,Corporate Bond,Fixed,MSFT Entity,MSFT,Technology,US,USD,15802502.3,15248370.21,15248370.21,BBB,7.49,Fixed,3.82,0.12,2.51,0.0,0.0,0.0,0.45,0.0356,SYNTHETIC
c5d6154d-c19c-4bd3-a389-d73e01c1f52b,d95e7945-8ef3-429f-810a-bd6e0e7ce9d1,Corporate Bond,Fixed,NVDA Entity,NVDA,Technology,US,USD,46827783.85,46697324.79,46697324.79,B,9.11,Fixed,5.35,0.23,3.2,0.0,0.0,0.0,0.45,0.0181,SYNTHETIC
bc7f9bc8-8c46-4fa0-883f-3f112a06d162,d95e7945-8ef3-429f-810a-bd6e0e7ce9d1,Corporate Bond,Fixed,AAPL Entity,AAPL,Technology,US,USD,9025425.37,8753414.27,8753414.27,CCC,7.96,Fixed,2.99,0.68,6.33,0.0,0.0,0.0,0.45,0.0437,SYNTHETIC
ba983957-c878-445a-a9d6-4924afdcf75b,d95e7945-8ef3-429f-810a-bd6e0e7ce9d1,Derivative,CDS,XOM Entity,XOM,Energy,US,USD,148810182.2,14881018.22,22321527.33,BB,8.01,Fixed,0.0,0.0,2.45,0.0,0.63,0.0,0.45,0.0421,SYNTHETIC
924427fd-dfbb-408c-bd36-ada5a16b9da9,d95e7945-8ef3-429f-810a-bd6e0e7ce9d1,Corporate Bond,Fixed,AAPL Entity,AAPL,Technology,US,USD,1415634.17,1284626.72,1284626.72,BB,5.76,Fixed,2.05,0.46,3.11,0.0,0.0,0.0,0.45,0.0403,SYNTHETIC
20ca2d00-8c66-4b71-a930-4c0529f0662f,d95e7945-8ef3-429f-810a-bd6e0e7ce9d1,Corporate Bond,Fixed,JPM Entity,JPM,Financials,US,USD,10776102.42,9194827.38,9194827.38,AA,3.12,Fixed,2.45,0.15,3.18,0.0,0.0,0.0,0.45,0.0215,SYNTHETIC
9f433eb5-db20-4be0-8864-f45cc1e69630,d95e7945-8ef3-429f-810a-bd6e0e7ce9d1,Corporate Bond,Fixed,JPM Entity,JPM,Financials,US,USD,48829704.29,46005016.27,46005016.27,BB,2.14,Fixed,2.84,0.94,7.02,0.0,0.0,0.0,0.45,0.0219,SYNTHETIC
6aec9fc7-a53e-4b5b-ac77-c470201fd403,d95e7945-8ef3-429f-810a-bd6e0e7ce9d1,Derivative,FX Forward,XOM Entity,XOM,Energy,US,USD,127440421.51,12744042.15,19116063.23,A,4.34,Fixed,0.0,0.0,6.68,0.0,0.72,0.0,0.45,0.0421,SYNTHETIC
7a148bdc-b090-47b2-a340-53f4715bc934,d95e7945-8ef3-429f-810a-bd6e0e7ce9d1,Corporate Loan,Floating,MSFT Entity,MSFT,Technology,US,USD,44938588.05,41637004.47,41637004.47,A,7.51,Floating,2.49,0.34,7.68,0.0,0.0,0.0,0.45,0.031,SYNTHETIC
f3d033cd-40e5-4f0a-8c92-6aa0b4edbff4,d95e7945-8ef3-429f-810a-bd6e0e7ce9d1,Corporate Loan,Fixed,MSFT Entity,MSFT,Technology,US,USD,33423298.03,28941028.31,28941028.31,CCC,5.66,Fixed,6.36,0.76,6.92,0.0,0.0,0.0,0.45,0.013,SYNTHETIC
5004c044-77be-4a56-9729-06b3e5d6818b,d95e7945-8ef3-429f-810a-bd6e0e7ce9d1,Corporate Bond,Fixed,MSFT Entity,MSFT,Technology,US,USD,48929550.57,42893789.91,42893789.91,CCC,7.13,Fixed,3.88,0.71,3.9,0.0,0.0,0.0,0.45,0.0467,SYNTHETIC
f3c1a09e-0381-4903-9444-4834932f7ff6,d95e7945-8ef3-429f-810a-bd6e0e7ce9d1,Corporate Bond,Fixed,XOM Entity,XOM,Energy,US,USD,5317104.29,4676583.81,4676583.81,BBB,2.15,Fixed,6.57,0.43,3.29,0.0,0.0,0.0,0.45,0.0073,SYNTHETIC
6501729e-85b8-4ffa-8b8c-61fa7057b7b0,d95e7945-8ef3-429f-810a-bd6e0e7ce9d1,Corporate Bond,Fixed,AAPL Entity,AAPL,Technology,US,USD,12613242.71,10835832.85,10835832.85,B,1.97,Fixed,3.59,0.21,4.9,0.0,0.0,0.0,0.45,0.0423,SYNTHETIC
70d7552c-cdd6-4a05-b351-d8680cb0e419,d95e7945-8ef3-429f-810a-bd6e0e7ce9d1,Corporate Bond,Fixed,JPM Entity,JPM,Financials,US,USD,36141566.34,33364809.31,33364809.31,BB,1.7,Fixed,3.98,0.23,5.89,0.0,0.0,0.0,0.45,0.0469,SYNTHETIC
44eed471-6d28-40dd-b3f8-69777604915f,d95e7945-8ef3-429f-810a-bd6e0e7ce9d1,Corporate Loan,Fixed,JPM Entity,JPM,Financials,US,USD,42302032.73,39454285.35,39454285.35,AAA,2.48,Fixed,7.77,0.42,5.6,0.0,0.0,0.0,0.45,0.0392,SYNTHETIC
16023709-8dc5-47b8-841c-b7e2ef36cfb2,d95e7945-8ef3-429f-810a-bd6e0e7ce9d1,Corporate Loan,Fixed,NVDA Entity,NVDA,Technology,US,USD,11827202.32,11126369.69,11126369.69,B,3.26,Fixed,7.56,0.86,5.35,0.0,0.0,0.0,0.45,0.0321,SYNTHETIC
3d307516-dd98-400a-810c-31e9c11c197a,d95e7945-8ef3-429f-810a-bd6e0e7ce9d1,Corporate Loan,Fixed,MSFT Entity,MSFT,Technology,US,USD,5022002.72,4884262.8,4884262.8,A,6.17,Fixed,7.11,0.45,7.02,0.0,0.0,0.0,0.45,0.0249,SYNTHETIC
84b3aa43-3bf1-4a4d-9589-ab18e745ad2e,d95e7945-8ef3-429f-810a-bd6e0e7ce9d1,Corporate Loan,Floating,MSFT Entity,MSFT,Technology,US,USD,26127032.26,24497933.97,24497933.97,BB,2.37,Floating,3.7,0.29,2.98,0.0,0.0,0.0,0.45,0.0104,SYNTHETIC
67475213-00ab-427d-890c-46ab39a03e36,d95e7945-8ef3-429f-810a-bd6e0e7ce9d1,Corporate Loan,Fixed,XOM Entity,XOM,Energy,US,USD,48881767.8,47069531.31,47069531.31,A,1.35,Fixed,2.06,0.17,3.3,0.0,0.0,0.0,0.45,0.0409,SYNTHETIC
75803437-1169-43c6-be21-9391ad0ef468,d95e7945-8ef3-429f-810a-bd6e0e7ce9d1,Corporate Bond,Fixed,MSFT Entity,MSFT,Technology,US,USD,41104301.81,40538644.17,40538644.17,B,8.27,Fixed,2.4,0.25,4.66,0.0,0.0,0.0,0.45,0.028,SYNTHETIC
e52e0afb-e890-4dea-9180-0a0301924c9e,d95e7945-8ef3-429f-810a-bd6e0e7ce9d1,Corporate Loan,Fixed,JPM Entity,JPM,Financials,US,USD,25755666.93,22153217.65,22153217.65,AAA,4.17,Fixed,6.51,0.53,4.77,0.0,0.0,0.0,0.45,0.0321,SYNTHETIC
b662c039-7e5d-4f77-b8f6-2c6b16ff8ce9,d95e7945-8ef3-429f-810a-bd6e0e7ce9d1,Corporate Loan,Fixed,MSFT Entity,MSFT,Technology,US,USD,36982685.52,33375496.16,33375496.16,BB,4.94,Fixed,2.79,0.73,7.7,0.0,0.0,0.0,0.45,0.0066,SYNTHETIC
32a119f7-5829-4d6b-84f2-27c0b75c0729,d95e7945-8ef3-429f-810a-bd6e0e7ce9d1,Corporate Loan,Fixed,AAPL Entity,AAPL,Technology,US,USD,39815932.93,34785142.15,34785142.15,AA,9.35,Fixed,7.91,0.77,7.9,0.0,0.0,0.0,0.45,0.0173,SYNTHETIC
126ace27-3497-4c71-b3cd-39131ed79f8a,d95e7945-8ef3-429f-810a-bd6e0e7ce9d1,Corporate Bond,Fixed,JPM Entity,JPM,Financials,US,USD,5393895.43,4949827.05,4949827.05,CCC,5.81,Fixed,5.12,0.75,6.56,0.0,0.0,0.0,0.45,0.0452,SYNTHETIC
60645d91-db25-4bc7-9729-c1d7a4757139,d95e7945-8ef3-429f-810a-bd6e0e7ce9d1,Corporate Loan,Fixed,NVDA Entity,NVDA,Technology,US,USD,3415626.87,3012079.48,3012079.48,AA,1.89,Fixed,7.46,0.97,3.84,0.0,0.0,0.0,0.45,0.0411,SYNTHETIC
d1487302-0c58-4955-9cd3-151e5fa93583,d95e7945-8ef3-429f-810a-bd6e0e7ce9d1,Corporate Bond,Fixed,NVDA Entity,NVDA,Technology,US,USD,35456583.15,34698021.86,34698021.86,BBB,9.05,Fixed,3.92,0.1,5.94,0.0,0.0,0.0,0.45,0.033,SYNTHETIC
2025094a-8362-49c1-b714-67f2a0bef549,d95e7945-8ef3-429f-810a-bd6e0e7ce9d1,Corporate Loan,Fixed,NVDA Entity,NVDA,Technology,US,USD,42816429.86,36695103.14,36695103.14,BBB,7.29,Fixed,2.82,0.7,3.02,0.0,0.0,0.0,0.45,0.0024,SYNTHETIC
b35a0025-5e76-4380-a8f8-679ed85eedf8,d95e7945-8ef3-429f-810a-bd6e0e7ce9d1,Corporate Bond,Fixed,MSFT Entity,MSFT,Technology,US,USD,36957833.55,34435555.68,34435555.68,BB,7.79,Fixed,4.79,0.16,2.95,0.0,0.0,0.0,0.45,0.02,SYNTHETIC
f8cb4171-375e-4d56-b1de-699446a47dbb,d95e7945-8ef3-429f-810a-bd6e0e7ce9d1,Corporate Loan,Fixed,JPM Entity,JPM,Financials,US,USD,33530053.15,30611126.7,30611126.7,CCC,2.04,Fixed,4.77,0.92,6.41,0.0,0.0,0.0,0.45,0.0316,SYNTHETIC
3e7b5a4b-2a24-462e-aea9-3533262e37d5,d95e7945-8ef3-429f-810a-bd6e0e7ce9d1,Equity,Standard,MSFT Entity,MSFT,Technology,US,USD,14731580.13,13117205.14,13117205.14,AA,5.56,Fixed,0.0,0.0,0.0,0.0,0.35,0.95,0.45,0.021,SYNTHETIC
5295fffa-8b4e-4756-8a74-b4ae487c7243,d95e7945-8ef3-429f-810a-bd6e0e7ce9d1,Derivative,CDS,MSFT Entity,MSFT,Technology,US,USD,457945497.51,45794549.75,68691824.63,CCC,4.33,Fixed,0.0,0.0,7.5,0.0,0.53,0.0,0.45,0.0345,SYNTHETIC
67c99ae1-ab40-47d6-bda9-e82fe82c190f,d95e7945-8ef3-429f-810a-bd6e0e7ce9d1,Corporate Bond,Fixed,NVDA Entity,NVDA,Technology,US,USD,50371097.25,47725171.46,47725171.46,B,9.11,Fixed,7.05,0.5,7.5,0.0,0.0,0.0,0.45,0.0481,SYNTHETIC
28e36373-e97a-43b5-98f4-4eda59804580,d95e7945-8ef3-429f-810a-bd6e0e7ce9d1,Corporate Loan,Fixed,MSFT Entity,MSFT,Technology,US,USD,22004040.85,21506936.29,21506936.29,B,4.2,Fixed,4.71,0.51,2.8,0.0,0.0,0.0,0.45,0.0017,SYNTHETIC
54a6a4ea-688a-4e19-8d9f-e9ecd0ae5907,d95e7945-8ef3-429f-810a-bd6e0e7ce9d1,Corporate Bond,Fixed,AAPL Entity,AAPL,Technology,US,USD,51282175.81,44986194.24,44986194.24,B,5.48,Fixed,6.69,0.79,6.47,0.0,0.0,0.0,0.45,0.0225,SYNTHETIC
51df97b2-9632-4987-aa0b-4c81c13acdd3,d95e7945-8ef3-429f-810a-bd6e0e7ce9d1,Corporate Bond,Fixed,NVDA Entity,NVDA,Technology,US,USD,14541047.89,13590417.63,13590417.63,AA,8.92,Fixed,5.66,0.51,2.65,0.0,0.0,0.0,0.45,0.0406,SYNTHETIC
e0a7404d-6e99-4608-ae3e-0b122c84e392,d95e7945-8ef3-429f-810a-bd6e0e7ce9d1,Corporate Loan,Fixed,JPM Entity,JPM,Financials,US,USD,33449111.81,28232123.02,28232123.02,B,5.66,Fixed,6.78,0.19,6.41,0.0,0.0,0.0,0.45,0.0355,SYNTHETIC
f357c771-269f-4d1c-891c-ccd7dddc813d,d95e7945-8ef3-429f-810a-bd6e0e7ce9d1,Corporate Loan,Floating,AAPL Entity,AAPL,Technology,US,USD,9574694.79,8744046.98,8744046.98,AAA,2.01,Floating,6.27,0.97,6.89,0.0,0.0,0.0,0.45,0.0466,SYNTHETIC
c4bea77b-7c01-47c8-9a2b-a1693b00caab,d95e7945-8ef3-429f-810a-bd6e0e7ce9d1,Corporate Bond,Fixed,NVDA Entity,NVDA,Technology,US,USD,14816614.71,14787478.75,14787478.75,BB,4.1,Fixed,3.08,0.92,5.6,0.0,0.0,0.0,0.45,0.0156,SYNTHETIC
5e51dc7d-9277-4da9-8982-b0a64ee8c7b0,d95e7945-8ef3-429f-810a-bd6e0e7ce9d1,Corporate Bond,Fixed,AAPL Entity,AAPL,Technology,US,USD,27162774.53,24777215.28,24777215.28,BBB,3.65,Fixed,4.01,0.23,6.61,0.0,0.0,0.0,0.45,0.0497,SYNTHETIC
bffbc7fe-c0d6-4e96-a10b-94c4dc13b6a2,d95e7945-8ef3-429f-810a-bd6e0e7ce9d1,Corporate Loan,Fixed,JPM Entity,JPM,Financials,US,USD,6340246.9,5477227.06,5477227.06,AAA,4.43,Fixed,7.25,0.42,5.99,0.0,0.0,0.0,0.45,0.0114,SYNTHETIC
af04f39a-1b20-4bd8-a5c2-21eafca79cec,d95e7945-8ef3-429f-810a-bd6e0e7ce9d1,Derivative,IR Swap,XOM Entity,XOM,Energy,US,USD,277589138.33,27758913.83,41638370.75,B,2.53,Fixed,0.0,0.0,5.74,2394.91,0.91,0.0,0.45,0.0221,SYNTHETIC
23711469-af90-4b28-9938-f1a15aaef2a1,d95e7945-8ef3-429f-810a-bd6e0e7ce9d1,Corporate Loan,Fixed,MSFT Entity,MSFT,Technology,US,USD,48020258.37,47598059.35,47598059.35,A,1.38,Fixed,4.83,0.7,4.99,0.0,0.0,0.0,0.45,0.0429,SYNTHETIC
3a1b718e-0945-43da-b7e8-53dc4c38645d,d95e7945-8ef3-429f-810a-bd6e0e7ce9d1,Corporate Loan,Fixed,XOM Entity,XOM,Energy,US,USD,55595287.82,47768046.14,47768046.14,A,7.22,Fixed,3.64,0.38,4.07,0.0,0.0,0.0,0.45,0.0113,SYNTHETIC
36aa05f7-fcf3-4e72-b567-0cbe229729e6,d95e7945-8ef3-429f-810a-bd6e0e7ce9d1,Corporate Loan,Floating,AAPL Entity,AAPL,Technology,US,USD,57654885.73,49352653.24,49352653.24,B,8.71,Floating,7.28,0.49,4.29,0.0,0.0,0.0,0.45,0.0247,SYNTHETIC
5467e63c-8114-4fd9-8af6-80e08b5e1271,d95e7945-8ef3-429f-810a-bd6e0e7ce9d1,Equity,Standard,NVDA Entity,NVDA,Technology,US,USD,2518290.13,2102868.0,2102868.0,A,4.94,Fixed,0.0,0.0,0.0,0.0,0.22,1.27,0.45,0.0484,SYNTHETIC
d576c470-a658-48ca-a5d4-4687a4cc2fbc,d95e7945-8ef3-429f-810a-bd6e0e7ce9d1,Corporate Loan,Fixed,NVDA Entity,NVDA,Technology,US,USD,1607044.84,1514064.14,1514064.14,BB,4.31,Fixed,6.52,0.8,2.24,0.0,0.0,0.0,0.45,0.0141,SYNTHETIC
715746f7-c6d2-444e-89af-d0bf99301d43,d95e7945-8ef3-429f-810a-bd6e0e7ce9d1,Corporate Bond,Fixed,XOM Entity,XOM,Energy,US,USD,18047287.59,15473510.19,15473510.19,BBB,6.82,Fixed,3.06,0.97,7.92,0.0,0.0,0.0,0.45,0.03,SYNTHETIC
337a2691-56c2-430a-b464-b2a5e9643da6,d95e7945-8ef3-429f-810a-bd6e0e7ce9d1,Corporate Bond,Fixed,XOM Entity,XOM,Energy,US,USD,16222479.6,15833140.7,15833140.7,A,2.17,Fixed,7.11,0.31,7.99,0.0,0.0,0.0,0.45,0.0277,SYNTHETIC
792a9f23-bf55-4d1c-881f-9c7c3a8d6e09,d95e7945-8ef3-429f-810a-bd6e0e7ce9d1,Corporate Loan,Floating,JPM Entity,JPM,Financials,US,USD,17745061.52,17739017.09,17739017.09,A,8.96,Floating,4.54,0.72,6.82,0.0,0.0,0.0,0.45,0.0113,SYNTHETIC
f0d1c1f7-1224-486c-be34-a39f12c6d43a,d95e7945-8ef3-429f-810a-bd6e0e7ce9d1,Corporate Loan,Fixed,MSFT Entity,MSFT,Technology,US,USD,43349833.84,36545891.49,36545891.49,A,6.79,Fixed,5.08,0.24,3.31,0.0,0.0,0.0,0.45,0.0298,SYNTHETIC
3086b302-e13c-487d-b73c-aaacb3c7dfea,d95e7945-8ef3-429f-810a-bd6e0e7ce9d1,Corporate Bond,Fixed,JPM Entity,JPM,Financials,US,USD,6132406.26,5987941.51,5987941.51,AA,8.14,Fixed,5.1,0.27,2.87,0.0,0.0,0.0,0.45,0.0226,SYNTHETIC
55e04d3a-e6a9-4c77-bf19-5d2a0966413a,d95e7945-8ef3-429f-810a-bd6e0e7ce9d1,Derivative,IR Swap,MSFT Entity,MSFT,Technology,US,USD,287825692.56,28782569.26,43173853.88,B,5.69,Fixed,0.0,0.0,4.89,3061.22,0.58,0.0,0.45,0.0442,SYNTHETIC
9adfd3fc-fc54-4bf1-ae1f-69ffc57ff8b3,d95e7945-8ef3-429f-810a-bd6e0e7ce9d1,Corporate Loan,Floating,AAPL Entity,AAPL,Technology,US,USD,28876156.13,25758496.54,25758496.54,AAA,3.03,Floating,5.09,0.51,2.43,0.0,0.0,0.0,0.45,0.0439,SYNTHETIC
92bc4302-aa00-4aa0-bfec-7a9fa5954183,d95e7945-8ef3-429f-810a-bd6e0e7ce9d1,Corporate Bond,Fixed,JPM Entity,JPM,Financials,US,USD,36924520.34,35654108.48,35654108.48,BB,6.14,Fixed,5.43,0.59,7.35,0.0,0.0,0.0,0.45,0.031,SYNTHETIC
b7493bbd-e4ae-4751-b225-b1c40a45f6de,d95e7945-8ef3-429f-810a-bd6e0e7ce9d1,Corporate Bond,Fixed,JPM Entity,JPM,Financials,US,USD,41653609.34,41450157.34,41450157.34,AAA,6.39,Fixed,7.17,0.63,5.24,0.0,0.0,0.0,0.45,0.0399,SYNTHETIC
ff9dd6ef-87e2-423b-85a1-cacf958e3538,d95e7945-8ef3-429f-810a-bd6e0e7ce9d1,Corporate Loan,Fixed,XOM Entity,XOM,Energy,US,USD,20795427.04,19924333.98,19924333.98,BB,9.55,Fixed,5.86,0.46,6.51,0.0,0.0,0.0,0.45,0.049,SYNTHETIC
f0c06131-2627-4212-9288-b381b775d087,d95e7945-8ef3-429f-810a-bd6e0e7ce9d1,Equity,Standard,NVDA Entity,NVDA,Technology,US,USD,15115275.58,14712725.34,14712725.34,B,3.18,Fixed,0.0,0.0,0.0,0.0,0.29,0.93,0.45,0.0365,SYNTHETIC
909a8ed4-1923-424d-abc7-c93836c0263f,d95e7945-8ef3-429f-810a-bd6e0e7ce9d1,Corporate Bond,Fixed,XOM Entity,XOM,Energy,US,USD,7022320.03,6347102.08,6347102.08,A,5.72,Fixed,5.73,0.18,7.95,0.0,0.0,0.0,0.45,0.0278,SYNTHETIC
64b687b5-8634-45fa-b6b6-2c1d8d706383,d95e7945-8ef3-429f-810a-bd6e0e7ce9d1,Corporate Loan,Floating,JPM Entity,JPM,Financials,US,USD,15008699.76,13133486.07,13133486.07,BB,2.54,Floating,5.11,0.24,2.45,0.0,0.0,0.0,0.45,0.0286,SYNTHETIC
d09ee18f-a01c-4ab7-85df-6ba7cdf5716b,d95e7945-8ef3-429f-810a-bd6e0e7ce9d1,Corporate Bond,Fixed,NVDA Entity,NVDA,Technology,US,USD,26231058.41,22957925.09,22957925.09,AAA,1.86,Fixed,5.14,0.31,6.98,0.0,0.0,0.0,0.45,0.0132,SYNTHETIC
ec84c086-817b-41d1-8e8c-87242e9b368b,d95e7945-8ef3-429f-810a-bd6e0e7ce9d1,Corporate Loan,Floating,XOM Entity,XOM,Energy,US,USD,17899717.11,15467039.49,15467039.49,BB,8.6,Floating,2.1,0.28,3.37,0.0,0.0,0.0,0.45,0.0163,SYNTHETIC
8c175107-8166-4d3b-8280-425ca800da4a,d95e7945-8ef3-429f-810a-bd6e0e7ce9d1,Corporate Loan,Floating,XOM Entity,XOM,Energy,US,USD,19215995.32,17858542.5,17858542.5,BBB,9.07,Floating,7.22,0.65,3.72,0.0,0.0,0.0,0.45,0.0196,SYNTHETIC
3d947296-37d2-4bab-8086-ed015bb3b0c2,d95e7945-8ef3-429f-810a-bd6e0e7ce9d1,Corporate Loan,Floating,AAPL Entity,AAPL,Technology,US,USD,8975966.71,8698855.81,8698855.81,A,7.27,Floating,5.0,0.18,4.38,0.0,0.0,0.0,0.45,0.0359,SYNTHETIC
a6cd4b52-fa78-4aaf-9cc1-1b99c6096c40,d95e7945-8ef3-429f-810a-bd6e0e7ce9d1,Corporate Bond,Fixed,NVDA Entity,NVDA,Technology,US,USD,33618923.26,30346303.16,30346303.16,AA,2.43,Fixed,6.06,0.57,6.37,0.0,0.0,0.0,0.45,0.0487,SYNTHETIC
a4c4ffef-ff57-489e-a4ae-e2ce5e0ccfa5,d95e7945-8ef3-429f-810a-bd6e0e7ce9d1,Corporate Loan,Floating,JPM Entity,JPM,Financials,US,USD,29033840.15,28010308.78,28010308.78,BB,4.49,Floating,3.81,0.97,6.67,0.0,0.0,0.0,0.45,0.0327,SYNTHETIC
e6952103-c08c-4ca3-b82d-4a9279033861,d95e7945-8ef3-429f-810a-bd6e0e7ce9d1,Corporate Bond,Fixed,XOM Entity,XOM,Energy,US,USD,8827071.17,8574682.27,8574682.27,B,7.29,Fixed,2.46,0.44,3.59,0.0,0.0,0.0,0.45,0.022,SYNTHETIC
3472f0f5-abbf-4a78-9305-aece40dddb59,d95e7945-8ef3-429f-810a-bd6e0e7ce9d1,Derivative,CDS,JPM Entity,JPM,Financials,US,USD,195233669.32,19523366.93,29285050.4,AA,2.45,Fixed,0.0,0.0,6.37,0.0,0.47,0.0,0.45,0.0389,SYNTHETIC
764aa45c-d54b-4c05-a7e5-9cfedc3ae500,d95e7945-8ef3-429f-810a-bd6e0e7ce9d1,Corporate Loan,Fixed,XOM Entity,XOM,Energy,US,USD,7378134.13,6819031.91,6819031.91,AAA,8.6,Fixed,3.51,0.6,6.43,0.0,0.0,0.0,0.45,0.0203,SYNTHETIC
534fda54-c191-4e67-aa40-d75153db7453,d95e7945-8ef3-429f-810a-bd6e0e7ce9d1,Equity,Standard,XOM Entity,XOM,Energy,US,USD,9336825.75,8857374.62,8857374.62,BBB,4.21,Fixed,0.0,0.0,0.0,0.0,0.16,0.81,0.45,0.0201,SYNTHETIC
4711db89-4f2d-4667-9b14-031c943ad380,d95e7945-8ef3-429f-810a-bd6e0e7ce9d1,Corporate Bond,Fixed,NVDA Entity,NVDA,Technology,US,USD,47958392.01,44274947.98,44274947.98,A,3.88,Fixed,3.64,0.23,2.07,0.0,0.0,0.0,0.45,0.0245,SYNTHETIC
1a4704ab-dbf1-4f51-b47d-99c905301c3c,d95e7945-8ef3-429f-810a-bd6e0e7ce9d1,Equity,Standard,NVDA Entity,NVDA,Technology,US,USD,19162179.05,18787227.48,18787227.48,BB,1.65,Fixed,0.0,0.0,0.0,0.0,0.82,1.35,0.45,0.0039,SYNTHETIC
dbdbe1a9-18b2-4ce1-b516-5b83a83775bd,d95e7945-8ef3-429f-810a-bd6e0e7ce9d1,Corporate Loan,Floating,MSFT Entity,MSFT,Technology,US,USD,49699247.18,41489545.56,41489545.56,BBB,4.01,Floating,5.31,0.35,7.47,0.0,0.0,0.0,0.45,0.0453,SYNTHETIC
3f37d8ac-60aa-4c13-aebc-968f66b0dcd2,d95e7945-8ef3-429f-810a-bd6e0e7ce9d1,Corporate Loan,Floating,NVDA Entity,NVDA,Technology,US,USD,46552944.55,40085237.05,40085237.05,AAA,6.59,Floating,3.2,0.67,2.03,0.0,0.0,0.0,0.45,0.0109,SYNTHETIC
c17931f0-e77c-488c-b946-dd6321bb4a0c,d95e7945-8ef3-429f-810a-bd6e0e7ce9d1,Corporate Bond,Fixed,MSFT Entity,MSFT,Technology,US,USD,34450911.55,29161272.63,29161272.63,CCC,5.55,Fixed,7.54,0.78,3.58,0.0,0.0,0.0,0.45,0.0032,SYNTHETIC
2fba7e34-672a-4ab9-9651-1c1684248350,d95e7945-8ef3-429f-810a-bd6e0e7ce9d1,Corporate Bond,Fixed,AAPL Entity,AAPL,Technology,US,USD,28488817.1,26135231.17,26135231.17,A,3.77,Fixed,4.29,0.37,6.51,0.0,0.0,0.0,0.45,0.0112,SYNTHETIC
3923790e-e62a-4f31-b7c8-a8c77b7176cc,d95e7945-8ef3-429f-810a-bd6e0e7ce9d1,Corporate Bond,Fixed,MSFT Entity,MSFT,Technology,US,USD,24662021.2,21681281.02,21681281.02,BB,2.51,Fixed,5.48,0.21,4.12,0.0,0.0,0.0,0.45,0.0342,SYNTHETIC
c8b57b1a-8e87-4b9c-8b01-e2f3ff81ffef,d95e7945-8ef3-429f-810a-bd6e0e7ce9d1,Corporate Bond,Fixed,JPM Entity,JPM,Financials,US,USD,30578904.89,29826391.16,29826391.16,B,7.08,Fixed,6.79,0.22,4.86,0.0,0.0,0.0,0.45,0.0385,SYNTHETIC
ba3336f7-473d-4f8e-aedd-437a56e39e48,d95e7945-8ef3-429f-810a-bd6e0e7ce9d1,Corporate Loan,Floating,NVDA Entity,NVDA,Technology,US,USD,44564690.17,37168530.06,37168530.06,AA,6.38,Floating,7.67,0.84,4.59,0.0,0.0,0.0,0.45,0.038,SYNTHETIC
0bceaf47-e6ce-4409-9df9-a2a9d4a069ae,d95e7945-8ef3-429f-810a-bd6e0e7ce9d1,Equity,Standard,NVDA Entity,NVDA,Technology,US,USD,44821367.12,44167064.29,44167064.29,AAA,2.99,Fixed,0.0,0.0,0.0,0.0,0.73,1.01,0.45,0.0354,SYNTHETIC
1f2847bd-90f5-4526-9c38-3ef43562ab4c,d95e7945-8ef3-429f-810a-bd6e0e7ce9d1,Corporate Loan,Floating,NVDA Entity,NVDA,Technology,US,USD,10817347.36,10803973.33,10803973.33,CCC,2.49,Floating,5.18,0.77,3.58,0.0,0.0,0.0,0.45,0.0181,SYNTHETIC
c6256dba-6cdf-4071-8a53-ad27711ceb1d,d95e7945-8ef3-429f-810a-bd6e0e7ce9d1,Equity,Standard,MSFT Entity,MSFT,Technology,US,USD,15599672.61,13199201.05,13199201.05,BB,2.95,Fixed,0.0,0.0,0.0,0.0,0.25,1.19,0.45,0.0219,SYNTHETIC
ac2f5c9a-fd15-4ce4-af40-8d55e6cc6104,d95e7945-8ef3-429f-810a-bd6e0e7ce9d1,Corporate Loan,Floating,AAPL Entity,AAPL,Technology,US,USD,43055050.26,39575108.44,39575108.44,AAA,7.93,Floating,2.99,0.57,7.61,0.0,0.0,0.0,0.45,0.0351,SYNTHETIC
fb90aacf-a04d-42e2-9114-0b293c6c081e,d95e7945-8ef3-429f-810a-bd6e0e7ce9d1,Corporate Loan,Fixed,MSFT Entity,MSFT,Technology,US,USD,20316795.9,18356593.23,18356593.23,BBB,8.73,Fixed,7.17,0.69,5.8,0.0,0.0,0.0,0.45,0.0237,SYNTHETIC
a84e0139-4863-4108-afa9-5539c5c79916,d95e7945-8ef3-429f-810a-bd6e0e7ce9d1,Corporate Loan,Floating,NVDA Entity,NVDA,Technology,US,USD,12434777.32,11155037.81,11155037.81,CCC,1.46,Floating,6.69,0.82,4.99,0.0,0.0,0.0,0.45,0.0377,SYNTHETIC
aad2b255-da06-4c91-aab8-467aee76b028,d95e7945-8ef3-429f-810a-bd6e0e7ce9d1,Corporate Bond,Fixed,AAPL Entity,AAPL,Technology,US,USD,23297595.53,23048722.22,23048722.22,AAA,8.96,Fixed,4.19,0.45,2.97,0.0,0.0,0.0,0.45,0.0252,SYNTHETIC
dbb21564-3530-482d-9ce0-8a17558747d1,d95e7945-8ef3-429f-810a-bd6e0e7ce9d1,Corporate Loan,Floating,AAPL Entity,AAPL,Technology,US,USD,15219173.55,12691667.72,12691667.72,B,9.54,Floating,4.37,0.6,5.5,0.0,0.0,0.0,0.45,0.0127,SYNTHETIC
1ba9a589-69f1-4662-bb44-de427e302784,d95e7945-8ef3-429f-810a-bd6e0e7ce9d1,Corporate Loan,Floating,AAPL Entity,AAPL,Technology,US,USD,8726546.81,7297609.44,7297609.44,A,6.76,Floating,6.31,0.15,5.0,0.0,0.0,0.0,0.45,0.003,SYNTHETIC
d9c0944f-ba42-420d-86c0-beb74229e0c3,d95e7945-8ef3-429f-810a-bd6e0e7ce9d1,Corporate Loan,Fixed,NVDA Entity,NVDA,Technology,US,USD,53855258.49,45959228.64,45959228.64,AA,1.94,Fixed,6.05,0.65,5.29,0.0,0.0,0.0,0.45,0.0211,SYNTHETIC
4faa0a15-d5e4-4020-aac3-e246669f905d,d95e7945-8ef3-429f-810a-bd6e0e7ce9d1,Corporate Loan,Fixed,MSFT Entity,MSFT,Technology,US,USD,18329934.5,17866891.18,17866891.18,B,8.89,Fixed,6.17,0.5,5.69,0.0,0.0,0.0,0.45,0.0268,SYNTHETIC
c98f47fd-c9d7-46c1-b8ed-c29247734dc1,d95e7945-8ef3-429f-810a-bd6e0e7ce9d1,Corporate Bond,Fixed,JPM Entity,JPM,Financials,US,USD,48222482.6,40712767.86,40712767.86,A,4.28,Fixed,3.25,0.23,6.63,0.0,0.0,0.0,0.45,0.0413,SYNTHETIC
27457864-9376-4c64-8a64-eb4a8caca8c6,d95e7945-8ef3-429f-810a-bd6e0e7ce9d1,Corporate Loan,Floating,JPM Entity,JPM,Financials,US,USD,6099442.72,5409116.46,5409116.46,AAA,2.06,Floating,2.4,0.84,2.74,0.0,0.0,0.0,0.45,0.0088,SYNTHETIC
5692dd1d-00b7-4619-bb83-fe1d21d0360b,d95e7945-8ef3-429f-810a-bd6e0e7ce9d1,Corporate Loan,Floating,AAPL Entity,AAPL,Technology,US,USD,25022275.33,22266353.7,22266353.7,BB,8.18,Floating,6.67,0.55,3.65,0.0,0.0,0.0,0.45,0.0491,SYNTHETIC
2304b08c-3ce3-42c5-8d93-d8198be3bc9f,d95e7945-8ef3-429f-810a-bd6e0e7ce9d1,Equity,Standard,MSFT Entity,MSFT,Technology,US,USD,34038296.73,32313934.81,32313934.81,BB,8.46,Fixed,0.0,0.0,0.0,0.0,0.4,1.01,0.45,0.0253,SYNTHETIC
bb9430c2-35ae-42b6-a326-9fd1d7238680,d95e7945-8ef3-429f-810a-bd6e0e7ce9d1,Corporate Bond,Fixed,AAPL Entity,AAPL,Technology,US,USD,22405489.61,20766413.26,20766413.26,BBB,7.4,Fixed,7.61,0.48,2.07,0.0,0.0,0.0,0.45,0.0489,SYNTHETIC
1425f942-f211-4049-ad44-73c70cb3e351,d95e7945-8ef3-429f-810a-bd6e0e7ce9d1,Corporate Bond,Fixed,AAPL Entity,AAPL,Technology,US,USD,46555191.66,42445427.42,42445427.42,B,7.88,Fixed,7.7,0.82,6.99,0.0,0.0,0.0,0.45,0.0035,SYNTHETIC
f88b3c80-bbdb-4473-8ecf-7e40ce27d2d8,d95e7945-8ef3-429f-810a-bd6e0e7ce9d1,Corporate Bond,Fixed,AAPL Entity,AAPL,Technology,US,USD,48692378.3,43036234.92,43036234.92,B,2.87,Fixed,4.24,0.54,4.28,0.0,0.0,0.0,0.45,0.0229,SYNTHETIC
